InfinityLoop1309.NewPipeEnhanced	InfinityLoop1308/PipePipe
S.N.A.K.E	Eve-146T/WORM
SVS.pdfinspector	shardulvs/pdfinspector-android
a2dp.Vol	jroal/a2dpvolume
ac.mdiq.Podcini.A	XilinJia/Podcini.A
ac.mdiq.podcini.X	XilinJia/Podcini.X
ac.robinson.mediaphone	communitymedia/mediaphone
ac.stresa.uturn	XilinJia/UT.urn
acab.naiveha.subrosa	naive-HA/subrosa
acab.naiveha.upnpkino	naive-HA/UpnpKino
acidburn.stims	acidburnmonkey/stims
acr.browser.lightning	anthonycr/Lightning-Browser
agersant.polaris	agersant/polaris-android
ahmaabdo.readify.rss	ahmaabdo/ReadifyRSS
ai.agent1c.hitomi.open	Decentricity/hitomi-android
akylas.alpi.maps	Akylas/alpimaps
allen.town.focus.mastodon	allentown521/FocusMastodon
allen.town.focus.podcast	allentown521/FocusPodcast
alt.nainapps.aer	nain-F49FF806/anemo-aer
alt.nainapps.sharepaste.fdroid	nain-F49FF806/sharepaste.oo
amirz.dngprocessor	amirzaidi/DNGProcessor
amirz.rootless.nexuslauncher	amirzaidi/Launcher3
amirz.shade	amirzaidi/Shade
android.com.ericswpark.camsung	ericswpark/camsung
android.jonas.fakestandby	JonasBernard/FakeStandby
app.agneldev.kochitransitgo	agnelfranciso/Kochi-Transit-Go
app.alextran.immich	immich-app/immich
app.areada	iTsMe-Zen/Areada
app.atrium	retransmit/Atrium
app.bitbag	UXAVIA/bag
app.cclauncher	mlm-games/cclauncher
app.clauncher	mlm-games/CLauncher
app.clearsms	itsluminous/ClearSMS
app.cleartray	roman10/trayzero
app.dapk.st	ouchadam/small-talk
app.dumdum	Project-Mandarin/DumDum
app.easy.launcher	DroidWorksStudio/EasyLauncher
app.eduroam.geteduroam	geteduroam/android-app
app.familygem	michelesalvador/FamilyGem
app.fayaz.otgmaster	moylali/OTGMaster
app.flicky	mlm-games/flicky
app.floatdeck	kxxoling/FloatDeck
app.fluffy	mlm-games/fluffy
app.getknit.knit	getknit/knit
app.govroam.getgovroam	geteduroam/android-app
app.gps_video_logger	abinpaul1/GPS-Video-Logger
app.halma	Crazy-Marvin/Halma
app.hkTransport	angus6b23/hk-transport
app.hypostats	psfinaki/HypoStats
app.inkos	gezimos/inkOS
app.intra	Jigsaw-Code/Intra
app.iremote	mlm-games/IRemote
app.lawnchair	LawnchairLauncher/lawnchair
app.lawnchair.lawnicons	LawnchairLauncher/lawnicons
app.linkclear	kisst/link-clear
app.marlboroadvance.mpvex	marlboro-advance/mpvEx
app.marmalade.tts	maxwhipw/marmalade-tts-android
app.maskan.chat	humammalhas/maskan
app.mcevoy.syncrecordapp	PadraicMCE/SyncRecord_fdroid
app.michaelwuensch.bitbanana	michaelWuensch/BitBanana
app.mlauncher	DroidWorksStudio/mLauncher
app.motionui.android	lbr38/motion-UI
app.murinelauncher	alesimula/Murine-launcher
app.musikus	matthiasemde/musikus-android
app.myzel394.alibi	Myzel394/Alibi
app.myzel394.numberhub	Myzel394/NumberHub
app.nightdrop	nightdropapp/nightdrop
app.notesr	zHd4/NoteSR
app.olauncher	tanujnotes/Olauncher
app.olauncher.light	tanujnotes/Ultra
app.onloc.android	onloc-app/onloc-android
app.organicmaps	organicmaps/organicmaps
app.pachli	pachli/pachli-android
app.passwordstore.agrahn	agrahn/Android-Password-Store
app.passwordstore.pando85	pando85/Android-Password-Store
app.plugbrain.android	msbelaid/PlugBrain
app.podiumpodcasts.podium	aimok04/podium
app.pomodorot	mlm-games/pomodorot
app.pwhs.blockads	pass-with-high-score/blockads-android
app.pwhs.universalinstaller	pass-with-high-score/universal-installer
app.rapidsplit	hantig-code/RapidSplit
app.reading.stoic.stoicreading2	zikalify/StoicReading
app.rikka.savecopy	RikkaApps/SaveCopy
app.schildpad.schildpad	joelpaulkoch/schildpad
app.seeneva.reader	Seeneva/seeneva-reader-android
app.siftrecipes	matscornegoor/sift-recipe-keeper
app.simple.felicity	Hamza417/Felicity
app.simple.inure	Hamza417/Inure
app.simple.peri	Hamza417/Peristyle
app.slauncher	s4nj1th/Slauncher
app.smallthingz.reverb	SmallThingz/reverb
app.smarttube.fdroid	yuliskov/SmartTube
app.smarzaro.foss4g2024.schedule	Smarzaro/Foss4g2024Schedule
app.soundcenter.player	Azare77/sound_center
app.soundtree	CodeMarbles/SoundTree
app.status.mobile	status-im/status-app
app.subster	pLum0/subster
app.suhasdissa.karaoke	SuhasDissa/You-Tune
app.suhasdissa.memerize	SuhasDissa/MemerizeApp
app.suhasdissa.whiteboard	SuhasDissa/SoftBoard
app.tice.TICE.production	TICESoftware/tice-android
app.traced_it	traced-it/traced-it-android
app.tryst	herbiewalker/tryst
app.udderance	divestedcg/udderance-android-wrapper
app.umerfarooq.littlerelay	UmerCodez/LittleRelay
app.umerfarooq.websocketcam	UmerCodez/WebsocketCAM
app.upryzing.clerotri	upryzing/clerotri
app.vger.voyager	aeharding/voyager
app.weatheroverview	HenriDellal/weather-overview
app.wispar.wispar	Scriptbash/Wispar
app.xcy7e.contextium	xcy7e/Contextium
app.zimly.backup	zimly/zimly-backup
app.zornslemma.mypricelog	ZornsLemma/my-price-log
app.zxtune.fdroid	vitamin-caig/zxtune
aq.metallists.loudbang	TheMetallists/LoudBang
ara.memoryguardian	hashemi-hossein/memory-guardian
ara.note	hashemi-hossein/ara-note
art.pegasko.yeeemp	bitrate16/Yeeemp
art.tessell.editor	tessell-art/editor
at.bitfire.davdroid	bitfireAT/davx5-ose
at.bitfire.icsdroid	bitfireAT/icsx5
at.co.schwaerzler.maximilian.doit	maximilian-schwaerzler/Do-It
at.finderlein.noe	finderlein/noefinderlein_flutter
at.hackmas.android.schedule	EventFahrplan/EventFahrplan
at.j0s.meyercard.app	J0s3f/Fechtkarte
at.jclehner.rxdroid	jclehner/rxdroid
at.linuxtage.Eventfahrplan	linuxtage/EventFahrplan
at.manuelbichler.octalsuntime	votacom/octalsuntime
at.priv.graf.zazentimer	georgernstgraf/zazentimer
at.techbee.jtx	TechbeeAT/jtxBoard
at.tomtasche.reader	opendocument-app/OpenDocument.droid
au.com.darkside.xdemo	nwrkbiz/android-xserver
au.com.wallaceit.reddinator	micwallace/reddinator
au.id.colby.nfcquicksettings	pcolby/nfc-quick-settings
au.id.micolous.farebot	metrodroid/metrodroid
audio.omgsoundboard	OMGSoundboard/android-app
aws.apps.usbDeviceEnumerator	alt236/USB-Device-Info---Android
axp.tool.apkextractor	axxapy/apkExtractor
background.work.around	confidenseuide/BackgroundWorkAround
balti.xposed.pixelifygooglephotos	BaltiApps/Pixelify-Google-Photos
barilyuk.batterytemperature	Eb43/batterytemperature
barilyuk.mobilosignal	Eb43/phonesignalstrength
barilyuk.texetescribe	Eb43/txtnotes
be.bhasher.mobileinpact	BhasherBEL/MobileInpact
be.casperverswijvelt.unifiedinternetqs	CasperVerswijvelt/Better-Internet-Tiles
be.chvp.nanoledger	chvp/NanoLedger
be.cuypers_ghys.gaai	FrankHJCuypers/gaai
be.digitalia.fosdem	cbeyls/fosdem-companion-android
be.humanoids.webthingify	freaktechnik/Webthingify
be.knars.netflixtoimdb	Px3XjG6P/NetflixtoIMDb
be.martinelli.miniflutt	DocMarty84/miniflutt
be.moraine.yapl	dmoraine/yapl
be.ppareit.swiftp_free	ppareit/swiftp
be.robinj.distrohopper	RobinJ1995/DistroHopper
be.ugent.zeus.hydra.open	ZeusWPI/hydra-android
bilalsul.rzr	bilalsul/rzr
bim.app	j-jorge/bim
bitscoper.bitscoper_cyberkit	bitscoper/bitscoper_cyberkit
biz.binarysolutions.healthybatterycharging	vbresan/HealthyBatteryCharging
biz.binarysolutions.imageconverter	vbresan/Image_Converter
biz.binarysolutions.mindfulnessmeditation	vbresan/MindfulnessMeditation
biz.binarysolutions.mindfulscale	vbresan/MindfulAttentionAwarenessScale
biz.binarysolutions.stress	vbresan/PerceivedStressScale
biz.binarysolutions.vatcalculator	vbresan/VAT_Calculator
biz.binarysolutions.weatherusa	vbresan/WeatherForecastUSA
bluepie.ad_silence	aghontpi/ad-silence
br.com.colman.petals	LeoColman/Petals
br.com.gualandi.dailypill	hugomg/DailyPill
br.com.jotdown	walterfr/jotdown-android
br.com.wasystems.audiooutputswitcher	weslley75/AudioOutputSwitcher
bruce.app	BruceDevices/App
btools.routingapp	abrensch/brouter
bus.chio.wishmaster	AliceCA/Overchan-Android
by.yauhenl.gardine	yauhen-l/gardine
ca.andries.portknocker	djandries/portknocker-android
ca.cgagnier.wlednativeandroid	Moustachauve/WLED-Android
ca.classicdiy.classic	ClassicDIY/ClassicMonitor
ca.cmetcalfe.locationshare	pR0Ps/LocationShare
ca.farrelltonsolar.classic	ClassicDIY/ClassicMonitor
ca.frozen.rpicameraviewer	ShawnBaker/RPiCameraViewer
ca.fuwafuwa.kaku	0xbad1d3a5/Kaku
ca.hamaluik.timecop	hamaluik/timecop
ca.ilianokokoro.umihi.music	ilianoKokoro/umihi-music
ca.ramzan.delist	ramzan/delist
ca.ramzan.virtuosity	ramzan/virtuosity
ca.rmen.android.frenchcalendar	caarmen/FRCAndroidWidget
ca.rmen.android.poetassistant	caarmen/poet-assistant
ca.rmen.android.scrumchatter	caarmen/scrumchatter
ca.rmen.nounours	caarmen/nounours-android
ca.snoe.deedum	snoe/deedum
ca.toadlybroodle.minimalist	toadlyBroodle/MinimaList
ca.vaults.randomlydie	timtoo/randomlydie
ca.voiditswarranty.roadtripradar	digiexchris/RoadTripRadar
camp.werewolf.infraarcana	tyrannotorus/cpp-infra-arcana-android
cash.p.terminal	piratecash/pcash-wallet
cat.mvmike.minimalcalendarwidget	mvmike/min-cal-widget
cat.naval.atalaya	aeri/Atalaya
cat.naval.florae	aeri/Florae
cat.pantsu.nyaapantsu	NyaaPantsu/NyaaPantsu-android-app
cc.calliope.mini	calliope-edu/Calliope-Android-App
cc.chenhe.qqnotifyevo	ichenhe/QQ-Notify-Evolution
cc.echonet.coolmicapp	CoolMicApp/CoolMicApp-Android
cc.goll.caff	goll72/caff
cc.kafuu.bilidownload	KafuuNeko/BiliDownload
cc.narumi.chaldea.fdroid	chaldea-center/chaldea
cc.occm.app	Lastorder-DC/moshidon
cc.polysfaer.stochapop	tcoppex/stochastic-reminder
cc.sovellus.vrcaa	Nyabsi/VRCAA
cc.taylorzhang.subtune	TaylorKunZhang/SubTune
cc.zachy.pulse	zoop-dev/pulse
celloapps.ddfguide	selmaohneh/DdfGuide
cf.playhi.freezeyou	FreezeYou/FreezeYou
cgeo.geocaching	cgeo/cgeo
ch.abertschi.adfree	abertschi/ad-free
ch.abertschi.waterme.water_me	abertschi/water-me
ch.bailu.aat	bailuk/AAT
ch.betzengineering.openvine	michael-betz/OpenVine
ch.blinkenlights.android.vanilla	vanilla-music/vanilla
ch.blinkenlights.android.vanillaplug	vanilla-music/vanilla-headphone-detector
ch.bubendorf.locusaddon.gsakdatabase	bubendorf/LocusAddonGsakDatabase
ch.coredump.watertemp.zh	gfroerli/app-android
ch.digitale_gesellschaft.winterkongress.schedule	DigitaleGesellschaft/EventFahrplan
ch.famoser.mensa	fflopsi/mensa-zh
ch.hgdev.toposuite	hgdev-ch/toposuite-android
ch.ictrust.pobya	ICTrust/PObY-A
ch.ihdg.calendarcolor	pascalfree/calendar-color
ch.joshuah.bibleverseapp	joshuabeny1999/BibleVerseApp
ch.logixisland.anuto	mjaun/android-anuto
ch.martinstoeckli.silentnotes	martinstoeckli/SilentNotes
ch.pec0ra.suspension_setup	pec0ra/suspension_setup
ch.pete.adbclipboard	PRosenb/AdbClipboard
ch.pocketpc.nearbyglasses	yjeanrenaud/yj_nearbyglasses
ch.protonvpn.android	ProtonVPN/android-app
ch.rmy.android.http_shortcuts	Waboodoo/HTTP-Shortcuts
ch.rmy.android.statusbar_tacho	Waboodoo/Status-Bar-Tachometer
ch.seto.kanjirecog	onitake/kanjirecog
ch.simonste.jasstafel	simonste/jasstafel
ch.swissbitcoinpay.checkout	SwissBitcoinPay/app
ch.threema.app.libre	threema-ch/threema-android
ch.tiim.markdown_widget	Tiim/Android-Markdown-Widget
ch.ulys.k19player	ulysg/k19-player
ch.virt.smartphonemouse	VirtCode/SmartMouse
chat.delta.lite	ArcaneChat/android
chat.fluffy.fluffychat	krille-chan/fluffychat
chat.schildi.android	SchildiChat/schildichat-android-next
chat.simplex.app	simplex-chat/simplex-chat
chromahub.rhythm.app	cromaguy/Rhythm
cl.coders.faketraveler	mcastillof/FakeTraveler
clavirom.keyboard	mhuberch/clavirom
cloud.keyspace.android	Keyspace-cloud/android
cloud.valetudo.companion	Hypfer/valetudo-companion
cn.a10miaomiao.bilidown	10miaomiao/bili-down-out
cn.ac.lz233.tarnhelm	lz233/Tarnhelm
cn.morfans.chenjunyu19.mediavolume	chenjunyu19/MediaVolume
cn.rbc.termuc	RainbowC0/TermuC
cn.super12138.todo	Super12138/VerveDo
co.adityarajput.alarmetrics	BURG3R5/Alarmetrics
co.adityarajput.fileflow	BURG3R5/FileFlow
co.adityarajput.notifilter	BURG3R5/NotiFilter
co.appreactor.news	bubelov/news
co.ec.cnsyn.codecatcher	headersalreadysent/tinycodecatcher
co.electriccoin.zcash.foss	zodl-inc/zodl-android
co.epitre.aelf_lectures	HackMyChurch/aelf-dailyreadings
co.garmax.materialflashlight	garmax1/material-flashlight
code.name.monkey.retromusic	RetroMusicPlayer/RetroMusicPlayer
codes.swistak.batterymonitor	tswistak/Battery-Monitor
com.Ace777.tidy	Gauravkr7488/Tidy
com.Arturo254.opentune	Arturo254/OpenTune
com.CasparvdBroek.bletomqtt	CasparvdBroek/BLEtoMQTT
com.Colota	dietrichmax/colota
com.KaraWilson.JellyBook	JellyBookOrg/JellyBook
com.LAPARCELA.nihonoari	aeri/Nihonoari-App
com.MNPDigital.holidayz	PaskoZhelev/holidayz-app
com.MarcosDiez.shareviahttp	marcosdiez/shareviahttp
com.NightDreamGames.Grade.ly	NightDreamGames/Graded
com.Ounzy.OpenBl	Ounzy/OpenBl
com.OxGames.OxShell	oxters168/OxShell
com.Sommerlichter.social	koyuspace/android-native
com.StudyDesk.app	Limekana/StudyDesk
com.a10miaomiao.bilimiao	10miaomiao/bilimiao2
com.a4a.g8invoicing	gatesuperapp/g8-invoicing
com.aa.mynotes	Abdallah-Abdelazim/mynotes
com.aaronjwood.portauthority	aaronjwood/PortAuthority
com.aaronjwood.portauthority.free	aaronjwood/PortAuthority
com.abast.homebot	s6joui/homebot
com.abezb.thirukuraldaily	Abez-B/thirukkural-daily-widget-
com.abhijitvalluri.android.fitnotifications	abhijitvalluri/fitnotifications
com.abizer_r.quickedit	Abizer-R/QuickEdit-Photo-Editor
com.absinthe.libchecker	LibChecker/LibChecker
com.acho.chat.app	jorgecobos14/I_need_to_stop_programming_pls
com.achunt.weboslauncher	achunt2143/W-Launcher
com.acktarius.concealauthenticator	Acktarius/Conceal-2fa-app
com.acszo.redomi.repo	acszo/Redomi
com.activitymanager	sdex/ActivityManager
com.activitytrace	DavidNeurieder/ActivityTrace
com.acutis.firewall	phasnox/acutis_firewall_android
com.addev.listaspam	adamff-dev/spam-call-blocker-app
com.addismaptransit.app	addismap/addismaptransit
com.adeeteya.classipod	adeeteya/Classipod
com.adeeteya.digital_calculator	adeeteya/DigitalCalculator
com.adeeteya.font_gallery	adeeteya/FontGallery
com.adeeteya.markdown_editor	adeeteya/FlutterMarkdownEditor
com.adgad.kboard	adgad/kboard
com.adguard.android.contentblocker	AdguardTeam/ContentBlocker
com.adiamas.umpireassistant	adiamas/umpireassistant
com.adilhanney.no_more_background	adil192/no_more_background
com.adilhanney.ricochlime	adil192/ricochlime
com.adilhanney.saber	saber-notes/saber
com.aditya1875.pokeverse	Dev-Aditya-More/PokeVerse
com.adonai.manman	Kaned1as/Man-Man
com.aefyr.sai.fdroid	Aefyr/SAI
com.aeidolon.vaultexplorer	R0b0To/VaultExplorer
com.aerotoad.thud	aerotoad/Thud
com.afaneca.myfin	afaneca/myfin-android
com.afkanerd.deku	deku-messaging/DekuSMS-Android
com.afkanerd.sw0b	smswithoutborders/RelaySMS-Android
com.afollestad.photoaffix	afollestad/photo-affix
com.afwsamples.testdpc	googlesamples/android-testdpc
com.agatamessina.quandointv	Messina-Agata/QuandoInTV
com.agatamessina.webinspector	Messina-Agata/WebInspector
com.agateau.burgerparty	agateau/burgerparty
com.agateau.catgenerator	agateau/cat-avatar-generator-app
com.agateau.tinywheels.android	agateau/pixelwheels
com.agepony.app	norsehorse-dev/AgePonyAndroid
com.ah.taplock	modelorona/TapLock
com.ahad.macat	ItsAhadun/maCat
com.ahmedsamy.imagetype	ahmedthebest31/ImageType-android-app
com.ahmedsamy.purelink	ahmedthebest31/PureLink-Android
com.ahorcado	Webierta/ahorcandroid
com.aicodix.assempix	aicodix/assempix
com.aicodix.rattlegram	aicodix/rattlegram
com.aicodix.shredpix	aicodix/shredpix
com.aidinhut.simpletextcrypt	aidin36/simpletextcrypt
com.aipos.aipospm	gininaba/AIPOSPasswordManager
com.aisleron	aisleron/aisleron
com.aistra.hail	aistra0528/Hail
com.aistudio.snoredetector.afkwd	elgrande73/FOSS-snore-detector-android-app
com.aj.wa.contact.adder	amr-jawwad/whatsapp_contact_adder
com.aka.alarm	seeingred/aka-alarm
com.akansh.fileserversuit	akanshSirohi/ShareX
com.akdev.nofbeventscraper	akaessens/NoFbEventScraper
com.akexorcist.ruammij	akexorcist/ruam-mij-android
com.aks_labs.tulsi	AKS-Labs/Tulsi
com.akshayaap.touchdroid	vitaminncpp/TouchDroid
com.akslabs.circletosearch	AKS-Labs/CircleToSearch
com.akslabs.cloudgallery	AKS-Labs/CloudGallery
com.akylas.aard2	Akylas/OSS-Dict
com.akylas.cardwallet	ossappscollective/OSS-DocumentScanner
com.akylas.conty	Akylas/conty
com.akylas.documentscanner	ossappscollective/OSS-DocumentScanner
com.akylas.enforcedoze	farfromrefug/EnforceDoze
com.akylas.weather	ossappscollective/oss-weather
com.albertobonacina.wassword	polilluminato/wassword-flutter
com.alexkang.loopboard	AlexKang/loopboard
com.alexmercerind.audire	alexmercerind/audire
com.alftendev.notlistener	Alfio010/notification-listener-android
com.alovoa.expo	Alovoa/alovoa-expo
com.alxgnon.postwriter	alxgnon/PostWriter
com.amanoteam.flonne	AmanoTeam/Goregram
com.amanoteam.kahon	AmanoTeam/Kahon
com.amanoteam.kurt	AmanoTeam/JustDeleteMe
com.amaze.filemanager	TeamAmaze/AmazeFileManager
com.amaze.fileutilities	TeamAmaze/AmazeFileUtilities
com.amirsteinbeck.taskmate	Amirhossein77-98/taskmate
com.ammar.sharing	Ammar64/Sharing
com.ammar.wallflow	ammargitham/WallFlow
com.ammar.wallflow.plus	ammargitham/WallFlow
com.amnesica.clearclipboard	amnesica/ClearClipboard
com.amnesica.kryptey	amnesica/KryptEY
com.amrdeveloper.linkhub	AmrDeveloper/LinkHub
com.amrdeveloper.turtle	amrdeveloper/Turtle
com.anant.fitbuddy	anantdark/FitBuddy
com.andreacioccarelli.androoster	cioccarellia/androoster
com.andreiapps.diesimu	andreiapps/die_simulator
com.android.adbkeyboard	senzhk/ADBKeyBoard
com.android.geto	JackEblan/Geto
com.android.gpstest.osmdroid	barbeau/gpstest
com.android.keepass	bpellin/keepassdroid
com.android.shellms	try2codesecure/ShellMS
com.android.talkback	google/talkback
com.android.xrayfa	Q7DF1/XrayFA
com.androidcrypt	jmccoy600/androidCrypt
com.androidfromfrankfurt.workingtimealert	spidgorny/workingtimealert
com.androidvip.ddgui	Lennoard/DDGUI
com.androidvip.sysctlgui	Lennoard/SysctlGUI
com.andsi.airlyrics	AirLyrics/AirLyrics
com.angryburg.uapp	nilesr/United4
com.angrydoughnuts.android.alarmclock	kraigs-android/kraigsandroid
com.anindra.messages	an1ndra/Messages
com.anisync.android	Marco-9456/AniSync
com.annie.dictionary.fork	marmistrz/QDict
com.anopticlabs.gravel	david-cant-code/pebble-app-degoogled
com.anthonyla.paperize	Anthonyy232/Paperize
com.antivocale.app	RisorseArtificiali/anti-vocale
com.antoinelabpixel.boxingclock	Antoine-lab-pixel/BoxingClock
com.antoniegil.astronia	antoniegil/Astronia
com.antony.muzei.pixiv	yellowbluesky/PixivforMuzei3
com.anxcye.anx_reader	Anxcye/anx-reader
com.anysoftkeyboard.janus	AnySoftKeyboard/janus
com.anysoftkeyboard.languagepack.afrikaans_oss	AnySoftKeyboard/AnySoftKeyboard
com.anysoftkeyboard.languagepack.arabic	AnySoftKeyboard/AnySoftKeyboard
com.anysoftkeyboard.languagepack.armenian2	AnySoftKeyboard/AnySoftKeyboard
com.anysoftkeyboard.languagepack.basque	AnySoftKeyboard/AnySoftKeyboard
com.anysoftkeyboard.languagepack.belarusian	AnySoftKeyboard/AnySoftKeyboard
com.anysoftkeyboard.languagepack.brazilian	AnySoftKeyboard/AnySoftKeyboard
com.anysoftkeyboard.languagepack.bribri	AnySoftKeyboard/AnySoftKeyboard
com.anysoftkeyboard.languagepack.bulgarian	AnySoftKeyboard/AnySoftKeyboard
com.anysoftkeyboard.languagepack.catalan	AnySoftKeyboard/AnySoftKeyboard
com.anysoftkeyboard.languagepack.coptic	AnySoftKeyboard/AnySoftKeyboard
com.anysoftkeyboard.languagepack.croatian	AnySoftKeyboard/AnySoftKeyboard
com.anysoftkeyboard.languagepack.danish	AnySoftKeyboard/AnySoftKeyboard
com.anysoftkeyboard.languagepack.dutch_oss	AnySoftKeyboard/AnySoftKeyboard
com.anysoftkeyboard.languagepack.esperanto	AnySoftKeyboard/AnySoftKeyboard
com.anysoftkeyboard.languagepack.french	AnySoftKeyboard/AnySoftKeyboard
com.anysoftkeyboard.languagepack.georgian	AnySoftKeyboard/AnySoftKeyboard
com.anysoftkeyboard.languagepack.german	AnySoftKeyboard/AnySoftKeyboard
com.anysoftkeyboard.languagepack.greek	AnySoftKeyboard/AnySoftKeyboard
com.anysoftkeyboard.languagepack.hackerkeyboardlayout	AnySoftKeyboard/AnySoftKeyboard
com.anysoftkeyboard.languagepack.hawaiian	AnySoftKeyboard/AnySoftKeyboard
com.anysoftkeyboard.languagepack.hebrew	AnySoftKeyboard/AnySoftKeyboard
com.anysoftkeyboard.languagepack.hindi	AnySoftKeyboard/AnySoftKeyboard
com.anysoftkeyboard.languagepack.hungarian_oss	AnySoftKeyboard/AnySoftKeyboard
com.anysoftkeyboard.languagepack.icelandic	AnySoftKeyboard/AnySoftKeyboard
com.anysoftkeyboard.languagepack.indonesian	AnySoftKeyboard/AnySoftKeyboard
com.anysoftkeyboard.languagepack.italian	AnySoftKeyboard/AnySoftKeyboard
com.anysoftkeyboard.languagepack.kachin	AnySoftKeyboard/AnySoftKeyboard
com.anysoftkeyboard.languagepack.kurdish	AnySoftKeyboard/AnySoftKeyboard
com.anysoftkeyboard.languagepack.latvian	AnySoftKeyboard/AnySoftKeyboard
com.anysoftkeyboard.languagepack.luxembourgish	AnySoftKeyboard/AnySoftKeyboard
com.anysoftkeyboard.languagepack.mirfatif.urdu	AnySoftKeyboard/AnySoftKeyboard
com.anysoftkeyboard.languagepack.nias	AnySoftKeyboard/AnySoftKeyboard
com.anysoftkeyboard.languagepack.norwegian	AnySoftKeyboard/AnySoftKeyboard
com.anysoftkeyboard.languagepack.numpad	AnySoftKeyboard/AnySoftKeyboard
com.anysoftkeyboard.languagepack.oldnortharabian	AnySoftKeyboard/AnySoftKeyboard
com.anysoftkeyboard.languagepack.osspolish	AnySoftKeyboard/AnySoftKeyboard
com.anysoftkeyboard.languagepack.ossturkish	AnySoftKeyboard/AnySoftKeyboard
com.anysoftkeyboard.languagepack.persian	AnySoftKeyboard/AnySoftKeyboard
com.anysoftkeyboard.languagepack.piedmontese	AnySoftKeyboard/AnySoftKeyboard
com.anysoftkeyboard.languagepack.pilaga	AnySoftKeyboard/AnySoftKeyboard
com.anysoftkeyboard.languagepack.portuguese	AnySoftKeyboard/AnySoftKeyboard
com.anysoftkeyboard.languagepack.romanian	AnySoftKeyboard/AnySoftKeyboard
com.anysoftkeyboard.languagepack.russian2	AnySoftKeyboard/AnySoftKeyboard
com.anysoftkeyboard.languagepack.rusyn	AnySoftKeyboard/AnySoftKeyboard
com.anysoftkeyboard.languagepack.sardinian	AnySoftKeyboard/AnySoftKeyboard
com.anysoftkeyboard.languagepack.serbian_oss	AnySoftKeyboard/AnySoftKeyboard
com.anysoftkeyboard.languagepack.sinhala	AnySoftKeyboard/AnySoftKeyboard
com.anysoftkeyboard.languagepack.slovene	AnySoftKeyboard/AnySoftKeyboard
com.anysoftkeyboard.languagepack.songhay	AnySoftKeyboard/AnySoftKeyboard
com.anysoftkeyboard.languagepack.spain	AnySoftKeyboard/AnySoftKeyboard
com.anysoftkeyboard.languagepack.swedish	AnySoftKeyboard/AnySoftKeyboard
com.anysoftkeyboard.languagepack.tamazight	AnySoftKeyboard/AnySoftKeyboard
com.anysoftkeyboard.languagepack.thai	AnySoftKeyboard/AnySoftKeyboard
com.anysoftkeyboard.languagepack.ukrainian	AnySoftKeyboard/AnySoftKeyboard
com.anysoftkeyboard.theme.classic_pc	AnySoftKeyboard/AnySoftKeyboard
com.anysoftkeyboard.theme.ics	AnySoftKeyboard/AnySoftKeyboard
com.anysoftkeyboard.theme.israel64	AnySoftKeyboard/AnySoftKeyboard
com.anysoftkeyboard.theme.three_d	AnySoftKeyboard/AnySoftKeyboard
com.anywherelan.awl	anywherelan/awl
com.ap.transmission.btc	AndreyPavlenko/transmissionbtc
com.apk.editor	apk-editor/APK-Explorer-Editor
com.apkupdater.ci	rumboalla/apkupdater
com.app.dailylog	madCode/dailylog
com.app.dockeep	mattgdot/Dockeep
com.app.equran	ya27hw/equran_app
com.app.missednotificationsreminder	httpdispatch/MissedNotificationsReminder
com.app.noted	3slam11/noted
com.app.openlib	dstark5/Openlib
com.app.shared.expense	Koushikphy/Shared-Expense-Manager
com.appmindlab.nano	appml/neutrinote
com.apps.adrcotfas.goodtime	adrcotfas/goodtime
com.apps.anker.flutter_ko	dasmikko/knocky
com.aptasystems.dicewarepasswordgenerator	jeffisaak/diceware-pass-gen
com.aradar.vibecheck	aradar46/Vibecheck-Private-Mood-Tracker
com.aragaer.jtt	aragaer/jtt_android
com.aravi.dot	kamaravichow/safe-dot-android
com.arduia.expense	arduia/ProExpense
com.arijit.pomodoro	Arijit-05/Fomodoro
com.armanmaurya.archiv	armanmaurya/archiv
com.armanmaurya.internetradio	armanmaurya/InternetRadio
com.arn.scrobble	kawaiiDango/pano-scrobbler
com.arslan.shizuwall	AhmetCanArslan/ShizuWall
com.arslandaim.omegaplayer	arslandaim-hub/OmegaPlayer
com.arslandaim.playtube	arslandaim-hub/PlayTube
com.arsvechkarev.vault	arsvechkarev/Vault
com.artemchep.pocketmode	AChep/PocketMode
com.arthur.arcade	fattdonki/Arcade
com.artifex.mupdf.mini.app	ArtifexSoftware/mupdf-android-viewer-mini
com.artifex.mupdf.viewer.app	ArtifexSoftware/mupdf-android-viewer
com.arturkowalczyk300.cryptocurrencyprices	arturkowalczyk300/android-cryptocurrency-prices
com.artxdev.songtube	SongTube/SongTube-App
com.arxlibertatis	sandstranger/ArxLibertatis-android-port
com.aryan.reader.oss	Aryan-Raj3112/episteme
com.ashkanrafiee.balance	AshkanRafiee/balance
com.ashkanrafiee.librecontactsbackup	AshkanRafiee/Libre-Contacts-Backup
com.asksakis.freegate	sfortis/phylax
com.astoev.cave.survey	lz1asl/CaveSurvey
com.astroloop.game	PubDeer/astro-loop
com.asyjaiz.A12blur	AsyJAIZ/Notification-Shade-Transparency
com.atelieryl.wonderdroid	williehwc/wonderdroid-x
com.ath0.rpn	lpar/RPN
com.atop	HassanHeydariNasab/atop-react-native
com.atr.hiit	ATryder/HIIT
com.atul.musicplayer	AP-Atul/music_player_lite
com.audiobookshelf.app	advplyr/audiobookshelf-app
com.autismprime.fall	Gh05t-1337/Fall
com.autismprime.krassesSpiel	Gh05t-1337/krassesSpiel
com.autopi	cryptrr/AutoPie
com.averi.worldscribe	MarquisLP/World-Scribe
com.avizitrx.sunrise.signal	avizitRX/sunrise_signal
com.aw.huda	abdulwahed-s/huda
com.awakeonlanmobile	nellogan/AwakeOnLANMobile
com.axelblatt.mission	axelblatt/MissionAndroid
com.axiel7.anihyou	axiel7/AniHyou-android
com.axiel7.moelist	axiel7/MoeList
com.b44t.messenger	deltachat/deltachat-android
com.bagaturchess	MetatransApps/Android_APK_ChessEngineBagatur
com.bald.uriah.baldphone	UriahShaulMandel/BaldPhone
com.baly_groceries_tracker.app	rw-account/baly_groceries_tracker
com.barghest.mesh	BARGHEST-ngo/MESH
com.bartixxx.distancemeter	Bartixxx32/OpLaserTool
com.bartixxx.oneplusarbchecker	Bartixxx32/oparbcheckapp
com.bartixxx.opflashcontrol	Bartixxx32/Opflashcontrol-app
com.baruckis.kriptofolio	baruckis/Kriptofolio
com.bearinmind.equalizer314	bearinmindcat/Equalizer314
com.bearinmind.launcher314	bearinmindcat/Launcher314
com.beatbridge	brandonp2412/BeatBridge
com.beemdevelopment.aegis	beemdevelopment/Aegis
com.benarmstead.simplecooking	benarmstead/OfflineCookBook
com.benjaminwan.chinesettstflite	benjaminwan/ChineseTtsTflite
com.benlinskey.greekreference	blinskey/greek-reference
com.benny.pxerstudio	BennyKok/PxerStudio
com.bera.whitehole	beradeep/whitehole
com.beradeep.aiyo	beradeep/aiyo
com.berdik.letmedowngrade	DavidBerdik/Let-Me-Downgrade
com.bernaferrari.changedetection	bernaferrari/ChangeDetection
com.bernaferrari.sdkmonitor	bernaferrari/SDKMonitor
com.best.deskclock	BlackyHawky/Clock
com.better.alarm	yuriykulikov/AlarmClock
com.bhznjns.motion_ease_tune	BHznJNs/MotionEaseTune
com.bibleside.bibleside	Correct-Syntax/bible_side
com.bigdadenergy39.DoTheThing	BigDadEnergy39/do-the-thing
com.biglybt.android.client	BiglySoftware/BiglyBT-Android
com.biketrackd.app	higorslva/biketrackd
com.bintianqi.owndroid	BinTianqi/OwnDroid
com.biohazard786.quickupi	BioHazard786/quick-upi
com.bitcoin.sharedhaven.testnet	cortezhanny124/shared_haven
com.bithack.principia	Bithack/principia
com.bitmavrick.lumolight	BitMavrick/Lumolight
com.bl4ckswordsman.cerberustiles	JoestarLabs/CerberusTiles
com.blacksquircle.ui	massivemadness/Squircle-CE
com.blankdev.sidestep	blankdotdev/sidestep
com.blazecode.tsviewer	BlazeCodeDev/TSViewer
com.blockbasti.justanotherworkouttimer	blockbasti/just_another_workout_timer
com.blockdrop.game	brandonp2412/BlockDrop
com.blogspot.developersu.ns_usbloader	developersu/ns-usbloader-mobile
com.blogspot.e_kanivets.moneytracker	xorum-io/open_money_tracker
com.blueapps.egyptianwriter	ThothDroid/Egyptian_Writer
com.bluefirestudios.memeboard	THEbluefirestudios/memeboard-fdroid
com.bluesound.bluesoundplayer	rdOxalis/bluesoundplayer
com.bmco.cratesiounofficial	TheUberCatman/crates-io-android
com.bnyro.clock	you-apps/ClockYou
com.bnyro.contacts	you-apps/ConnectYou
com.bnyro.translate	you-apps/TranslateYou
com.bnyro.wallpaper	you-apps/WallYou
com.bobek.compass	Kr0oked/Compass
com.bobek.metronome	Kr0oked/Metronome
com.bobek.tuner	Kr0oked/Tuner
com.bodycheck	7FM/bodycheck
com.bojko108.mobiletileserver	bojko108/mobile-tile-server
com.boldwallet	BoldBitcoinWallet/BoldWallet
com.bookstash.app	eirthae/bookstash
com.bote.app	tizzenn/bote
com.box.project.recording_app	TV-Box-Support/Recording-Webcam
com.boxlabs.hexdroid	boxlabss/HexDroid
com.brahmadeo.supertonic.tts	DevGitPit/supertonic-android
com.braniik.slate	braniik/slate
com.brentpanther.bitcoinwidget	hwki/SimpleBitcoinWidget
com.brentpanther.ethereumwidget	hwki/SimpleBitcoinWidget
com.brentpanther.litecoinwidget	hwki/SimpleBitcoinWidget
com.bretahajek.docus	Breta01/docus
com.bri1.soundbored2	webcooltz/soundbored
com.briankhuu.nfcmessageboard	mofosyne/NFCMessageBoard
com.bringyour.network	urnetwork/android
com.brokenpip3.fatto	brokenpip3/fatto
com.broscr.iptvplayer	broscr/IPTV-Player
com.brouken.player	moneytoo/Player
com.budget.lens	BKK31/budgetlens
com.bugsdev2.bookaccio	bugsdev2/bookaccio
com.bunqr.prepapp.fdroid	V1n1v131r4/prepapp
com.burhanrashid52.photoediting	burhanrashid52/PhotoEditor
com.burnpony.android	norsehorse-dev/BurnPonyAndroid
com.buzbuz.smartautoclicker	Nain57/Smart-AutoClicker
com.bwqr.mavinote	bwqr/mavinote
com.bwt.threadscooponionchatcom	R00tedbrain/ThreadScoopOnionChatV2
com.by_syk.netupdown	by-syk/NetUpDown
com.byagowi.persiancalendar	persian-calendar/persian-calendar
com.byarchitect.operator	by-architect/Operator
com.bytehamster.flowitgame	Flowit-Game/Flowit
com.byterdevs.rsswidget	byter11/rss-widget
com.bytesforge.linkasanote	alexcustos/linkasanote
com.c3r5b8.telegram_monet	mi-g-alex/Telegram-Monet
com.cabbagelol.bfban	cabbagelol/bfban-app-mobile
com.calcitem.sanmill	calcitem/Sanmill
com.calmyjane.spacebeam	calmyjane/spacebeam
com.caniwebview.android	WebView-CG/CanIAndroidWebView
com.cappielloantonio.notquitemy.tempo	CappielloAntonio/tempo
com.capybara.calculator	rajput-hemant/calculator
com.capyreader.app	jocmp/capyreader
com.carriez.flutter_hbb	rustdesk/rustdesk
com.castle.sefirah	shrimqy/Sefirah-Android
com.castlewrath.hexpress	jmiskovic/hexpress
com.catalin.css_px_converter	loooltooot/css-px-converter
com.catalin.rivia	loooltooot/rivia
com.catpuppyapp.hahanote	catpuppyapp/HahaNote-Release
com.catpuppyapp.puppygit.play.pro	catpuppyapp/PuppyGit
com.catpuppyapp.sshkeyman	catpuppyapp/SshKeyMan
com.cax.pmk.ext	xvadim/pmk-android
com.caydey.ffshare	caydey/ffshare
com.celzero.bravedns	celzero/rethink-app
com.certified.audionote	certified84/AudioNote
com.cg.lrceditor	Spikatrix/LRC-Editor
com.cgogolin.penandpdf	cgogolin/penandpdf
com.chaidarun.chronofile	artnc/chronofile
com.chaser.paintballnotificator	CryZo/PaintballNotificator
com.chatroom.app	44114/android-room
com.chenyifaer.fafarunner	fafarunner/fafarunner
com.chesire.nekome	Chesire/Nekome
com.chesire.pushie	Chesire/Pushie
com.chess.clock	ChessCom/android-chessclock
com.chessclock.android	simenheg/simple-chess-clock
com.chiller3.basicsync	chenxiaolong/BasicSync
com.chiller3.rsaf	chenxiaolong/RSAF
com.chmouel.liseur	chmouel/liseur
com.chmouel.noisetimer	chmouel/noise-timer
com.cho3ek89.ChronoRover	cho3ek89/ChronoRover
com.chooloo.www.koler	Chooloo/koler
com.ciphernotes.twa	rapnuss/cipher-notes
com.circadiandisplay.app	tomar-mohit/circadian-display
com.cityzen.cityzen	CityZenApp/AndroidApp
com.clavierhaus.gnubg	clavierhaus/gnubg-android
com.clearevo.bluetooth_gnss	ykasidit/bluetooth_gnss
com.cliambrown.easynoise	cliambrown/EasyNoise
com.cliambrown.pilltime	cliambrown/PillTime
com.clicc	cuadratico/Click_Switch
com.cliffracertech.soundaura	CliffracerMerchant/SoundAura
com.climbtheworld.app	xyz-relativity/ClimbTheWorld-Android
com.clintmoyer.callscope	clintmoyer/callscope
com.cloudbasepredictor	CloudbasePredictor/CloudbasePredictor
com.clusterrr.usbserialtelnetserver	ClusterM/usb-serial-telnet-server
com.co3	tbvns/CO3
com.coboltforge.dontmind.multivnc	bk138/multivnc
com.codedead.advancedpassgen	CodeDead/advanced-passgen-android
com.codedead.advancedportchecker	CodeDead/Advanced-PortChecker-android
com.codedead.deadhash	CodeDead/DeadHash-android
com.codelv.inventory	codelv/inventory
com.codelv.solar	codelv/solar
com.codepup.workout_timer	a-mabe/OpenHIIT
com.codesail.market_monk	brandonp2412/MarketMonk
com.cogwheel.LuCIMobile	cogwheel0/luci-mobile
com.coinerella.peercoin	peercoin/peercoin_flutter
com.cointrend	CoinTrend/CoinTrend
com.coleblvck.methodcall	coleblvck/MethodCall
com.coleblvck.shelf	coleblvck/Shelf
com.collotsspot.ensemble	CollotsSpot/Ensemble
com.colourswift.safehaven	phsycologicalFudge/SafeHaven-Store
com.cominatyou.batterytile.standalone	Solarphlare/BatteryTile
com.companyname.andriodapp1	jackBonadies/SeekerAndroid
com.conanizer.pockettracker	conanizer/pockettracker
com.concealnetwork.concealmobile	ConcealNetwork/conceal-wallet-cordova
com.confinement.diconfinement	Flinou/Dico
com.conreo.couchytv	conreo/couchy-launcher
com.controlloid	experiment322/controlloid-client
com.cookiegames.smartcookie	CookieJarApps/SmartCookieWeb
com.corphish.nightlight.generic	corphish/NightLight
com.corphish.quicktools	corphish/TextTools
com.correctsyntax.biblenotify	BibleNotify/BibleNotify
com.craftworks.music	CraftWorksMC/Chora
com.craftxbox.yubiclip.xor	craftxbox/yubiclip-xor
com.craigd.lmsmaterial.app	CDrummond/lms-material-app
com.crawlmb	michaelbarlow7/dungeon-crawl-android
com.craxiom.networksurvey	christianrowlands/android-network-survey
com.craxiom.networksurveyplus	christianrowlands/android-network-survey-rooted
com.crequency.kitx.mobile	Crequency/KitX-Mobile
com.criticalay.neer	criticalAY/Neer
com.crome.forecastpoint	crome1394/point-forecast
com.cromstudio.redlinuxclick	Red-LinuxClick/android
com.crossbowffs.nekosms	apsun/NekoSMS
com.cryptosafe.app	nemoXdev/CryptoSafe
com.curryplayer.quicksettingssoundprofile	CurryPlayer/quick-settings-sound-profile
com.cvc953.localplayer	cvc953/localplayer
com.cworld.notie	cworld1/notie
com.cyb3rg0d.calculator	CYB3R-G0D/Calculator-app
com.cyb3rg0d.canvass	CYB3R-G0D/Canvass-app
com.cyb3rg0d.urlchecker	CYB3R-G0D/Url-checker
com.cyb3rko.flashdim	cyb3rko/flashdim
com.cylonid.nativealpha	cylonid/NativeAlphaForAndroid
com.czy0729.bangumi	czy0729/Bangumi
com.daemon.ssh	jazzm0/ssh-daemon
com.daih.psychphinder	daih27/psychphinder
com.daitj.easycontrolfork.app	daitj/Easycontrol
com.daklok.biblelockscreen	DaKlok/BibleLockScreen
com.damiengo.websiterss	damiengo/WebsiteRSS
com.dan.mergephotos	danopdev/MergePhotos
com.dan.perspective	danopdev/Perspective
com.dan.simplerawcamera	danopdev/SimpleRawCamera
com.dan.timelapse	danopdev/TimeLapse
com.danefinlay.ttsutil	Danesprite/tts-util-app
com.danemadsen.maid	Mobile-Artificial-Intelligence/maid
com.danhasting.radar	dh4/WeatherRadar
com.daniebeler.pfpixelix	ghostbyte-dev/pixelix
com.danilkinkin.buckwheat	danilkinkin/buckwheat
com.darkempire78.opencalculator	clementwzk/OpenCalc
com.darkrockstudios.app.securecamera	SecureCamera/SecureCameraAndroid
com.darkrockstudios.apps.fasttrack	Darkrock-Studios/FastTrack
com.darkrockstudios.apps.hammer.android	Darkrock-Studios/hammer-editor
com.darshancomputing.BatteryIndicator	darshan-/Battery-Indicator-Free
com.darshancomputing.BatteryIndicatorPro	darshan-/Battery-Indicator-Pro
com.darusc.mousedroid	darusc/Mousedroid
com.dasp.worldcup2026	uta-dasp/FIFA-WorldCup-2026-Fixture-Widget
com.databag	balzack/databag
com.davidshewitt.admincontrol	linux-colonel/AdminControl
com.davidtakac.bura	davidtakac/bura
com.dd3boh.outertune	OuterTune/OuterTune
com.debojit.wallapp	debojitsantra/Wallapp-Android
com.debojitsantra.backlogtracker	debojitsantra/BacklogTracker
com.decred.decredaddressscanner	decred/dcraddrscanner
com.dede.android_eggs	hushenghao/AndroidEasterEggs
com.deedeedev.ytreader	deedeedev/YtReader
com.deepanjanxyz.notepad	deepanjanxyz/notepad
com.defang.launcher	Scandiking/Defang
com.defname.localshare	defname/LocalShare
com.degeder.yam	degD/yet_another_metronome
com.deliacheminot.mona	mona-hrt/mona
com.demizo.daily_you	Demizo/Daily_You
com.demonlab.lune	MrDemonc/Lune
com.demosten.srednabg	demosten-com/SrednaBG
com.deniscerri.ytdl	deniscerri/ytdlnis
com.denytheflowerpot.scrunch	DenyTheFlowerpot/Scrunch
com.derdilla.bloodPressureApp	derdilla/blood-pressure-monitor-fl
com.dergoogler.mmrl	DerGoogler/MMRL
com.desarrollodroide.pagekeeper	DesarrolloAntonio/Shiori-Android-Client
com.designlife.justdo	itsfaraz/Setwork
com.dessalines.habitmaker	dessalines/habit-maker
com.dessalines.rankmyfavs	dessalines/rank-my-favs
com.dessalines.thumbkey	dessalines/thumb-key
com.destructo.botox	khalifarsm/botox-android
com.dev.tunedetectivex	nooowavailable/tunedetectivex
com.dev.xavier.tempusromanum	xavierfreyburger/tempus-romanum
com.devbaltasarq.nadamillas	Baltasarq/nadamillas
com.developerfromjokela.motioneyeclient	developerfromjokela/motioneye-client
com.devrinth.launchpad	jaxparrow07/launchpad-search
com.dfzlv.gjjlt.caramelos	luarca84/Caramelos
com.dhangofa.networktoggle	Dhangofa/NetToggle
com.diblui.fullcolemak	diblui/fullcolemak
com.digital.datamosh	zeozeozeo/datamosh
com.digitalfishfun.openshift	LibreShift/OpenShift
com.dijia1124.plusplusbattery	dijia1124/plusplusbattery
com.dimowner.audiorecorder	Dimowner/AudioRecorder
com.dimrnhhh.moneytopia	dimrnhhh/moneytopia
com.dimtion.shaarlier	dimtion/Shaarlier
com.dingleinc.texttoolspro	lochidev/Expandroid
com.dking.crocapp	Dking08/croc-app
com.dluvian.voyage	dluvian/voyage
com.dmi3dmi3.saywhen	dmi3dmi3/saywhen
com.dmouayad.my_quran	dmouayad/my_quran
com.dn0ne.lotus	dn0ne/lotus
com.dn0ne.lotus.community	Bjorn99/lotus
com.dobby.vpn	DobbyVPN/DobbyVPN
com.documentsui.shortcut	surf5726/documentsui-shortcut
com.dokeraj.androtainer	dokeraj/AndroTainer
com.donnnno.arcticons	Arcticons-Team/Arcticons
com.donnnno.arcticons.daynight	Arcticons-Team/Arcticons
com.donnnno.arcticons.light	Arcticons-Team/Arcticons
com.donnnno.arcticons.you	Arcticons-Team/Arcticons
com.dosse.airpods	adolfintel/OpenPods
com.dosse.clock31	adolfintel/Clock31
com.dosse.dozeoff	adolfintel/DozeOff
com.dosse.speedtest	librespeed/speedtest-android
com.dot.gallery	IacobIonut01/Gallery
com.doubleangels.nextdnsmanagement	doubleangels/nextdnsmanager
com.dozingcatsoftware.bouncy	dozingcat/Vector-Pinball
com.dozingcatsoftware.cardswithcats	dozingcat/CardsWithCats
com.dozingcatsoftware.dodge	dozingcat/dodge-android
com.dozingcatsoftware.kumquats	dozingcat/Kumquats
com.dozingcatsoftware.mouse_pounce	dozingcat/MousePounce
com.dozingcatsoftware.vectorcamera	dozingcat/VectorCamera
com.dp.logcatapp	darshanparajuli/LogcatReader
com.drdisagree.colorblendr	Mahmud0808/ColorBlendr
com.drdisagree.iconify.foss	Mahmud0808/Iconify
com.dreautall.waterflyiii	dreautall/waterfly-iii
com.drejo.androidvideoplayer.fdroid	stulluk/drejo-player-android
com.dresos.dressecurecomms	DresOperatingSystems/DresSecureComms
com.drnoob.datamonitor	itsdrnoob/DataMonitor
com.drodin.tuxrider	drodin/TuxRider
com.droidheat.musicplayer	gauravjot/android-noad-music-player
com.droidrops.app	thekester/Droidrops
com.droidvim	shiftrot/droidvim
com.druk.servicebrowser	andriydruk/BonjourBrowser
com.dsalmun.luxalarm	salmundani/LuxAlarm
com.dt.opnsense_manager	Etregin/OPNsense_Manager
com.dtsykunov.pause	dtsykunov/pause-app
com.duck.stayawakeadb	projectdelta6/ADB-Stay-Awake
com.duckduckgo.mobile.android	duckduckgo/Android
com.dustinhendriks.andme	jetspiking/AndME
com.dwett.habits	dwetterau/habits
com.dxku.hongit	greenbugx/Hongeet
com.dylan.num_plus_plus	DylanXie123/Num-Plus-Plus
com.dynamite.heaterrc	dynamitetuning/com.dynamite.heaterrc
com.eanema.graph89	eanema/graph89
com.easyfitness	brodeurlv/fastnfitness
com.ebaschiera.triplecamel	ebaschiera/TripleCamel
com.eblan.launcher	T31n/YagniLauncher
com.econverter.app	bilec/econverter
com.eddyizm.degoogled.tempus	eddyizm/tempus
com.eden.livewidget	someone-s/transport-widget
com.edward.studytracker	FunMax-Edward/study-tracker
com.ehang.ehhelper	thiagooo0/EHHelper
com.eightsines.firestrike.opensource	restorer/fire-strike
com.eipna.centsation	mowtiie/Centsation
com.eiyooooo.foldswitcher	eiyooooo/Fold_Switcher
com.elasticrock.candle	elastic-rock/Candle
com.elasticrock.keepscreenon	elastic-rock/KeepScreenOn
com.elektropepi.bootboi	BootBoi/android-app
com.elementlo.spark_list	elementlo/spark_list
com.elfeedcljsrn	areina/elfeed-cljsrn
com.eliasbuenosdias.geogas	eliasbuenosdias/GeoGas
com.elishaazaria.sayboard	ElishaAz/Sayboard
com.elsdoerfer.android.autostarts	miracle2k/android-autostarts
com.emacberry.uuid0xfd6fscan	marq24/UUID0xFD6FTracer
com.emanuelef.remote_capture	emanuele-f/PCAPdroid
com.emmanuelmess.deadlinesapp.free	EmmanuelMess/DeadlinesApp
com.emmanuelmess.itsdicey	EmmanuelMess/ItsDicey
com.emmanuelmess.simpleaccounting	EmmanuelMess/Simple-Accounting
com.emmanuelmess.simplecleanup	EmmanuelMess/Simple-Cleanup
com.emmanuelmess.tictactoe	EmmanuelMess/TicTacToeGame
com.enclavd.app	Slime-jkl/enclavd-android-source
com.encrypt.bwt	R00tedbrain/Encrypt-Decrypt-AndroidAPK
com.eneko.hexcolortimewallpaper	urtxintxa/HexColorTime
com.ensoft.imgurviewer	SpartanJ/ImgurViewer
com.erfangholami.solidshare	erfangholami/SolidShare
com.ericlowry.dnstoggle	ELowry/DNSToggle
com.esperantajvortaroj.app	djuretic/praktika-vortaro
com.etb.filemanager	Ruan625Br/FileManagerSphere
com.etesync.notes	etesync/etesync-notes
com.etesync.syncadapter	etesync/android
com.ethereal.openscan	ethereal-developers/OpenScan
com.etrisad.zenith	1372Slash/Zenith
com.evanh.qlc_controller	realevanhughes/qlcplus-mobile-controller
com.example.TTime	ClemPera/TTime
com.example.barcodescanner	wewewe718/QrAndBarcodeScanner
com.example.bluetoothconnect	jusss/BluetoothConnect
com.example.booklistingapk	Darshpreet2000/BookListingApp
com.example.deeplviewer	sakusaku3939/DeepLAndroid
com.example.financemanager	Ethanscharlie/Cash-On-Track
com.example.flut_crack	giovanni-iannaccone/FlutCrack
com.example.flutter_http_server	many-fac3d-g0d/ServeIt
com.example.flutter_riverpod_todo_app	TheAlphaApp/flutter_riverpod_todo_app
com.example.hochi.nextcompanion	h0chi/next-companion
com.example.iperf3client	CachoCh/iperf3AndroidClient
com.example.journal	jan-mate/Journalize
com.example.knkpanime	KNKPA/KNKPAnime
com.example.koduko	Mazahir26/koduko
com.example.kotlinquiz	NiranjanNlc/Kotilin-Quiz
com.example.mempal	aeonBTC/Mempal
com.example.muzei.muzeiapod	provokateurin/muzei-apod
com.example.notificationalerter	lightningcpu/Alertly
com.example.oj_helper	2754LM/oj_helper
com.example.podclassic	0x1317bf7/PodClassic
com.example.programmingtools	thomasthaddeus/QRCodeGenius
com.example.quickmdcapture	Fertion/QuickMDCapture
com.example.rhythmroid	AstroDevs-Team/RhythmRoid
com.example.siete_media	Webierta/siete_media
com.example.spokennumbers	vivekthazhathattil/dekadico
com.example.timenotification	Eb43/bateryvoltagedisplay
com.example.trigger	mwarning/trigger
com.example.vcam	w2016561536/android_virtual_cam
com.example.webpdf	MistralMireille/MHTML-Viewer
com.example.zoomhundred	Kenneth-Cho-InfoSec/Open100x
com.exifthumbnailadder.app	tenzap/exif-thumbnail-adder
com.eyalm.adns	eyalm2000/adns
com.ezpnix.writeon	3zpnix/WriteOn
com.f0x1d.logfox	F0x1d/LogFox
com.fabienli.dokuwiki	fabienli/DokuwikiAndroid
com.fadcam	anonfaded/FadCam
com.faltenreich.diaguard	Faltenreich/Diaguard
com.farmerbb.notepad	farmerbb/Notepad
com.farmerbb.secondscreen.free	farmerbb/SecondScreen
com.farmerbb.taskbar	farmerbb/Taskbar
com.fastaccess.github.revival	LightDestory/FastHub-RE
com.fauxx.full	digital-grease/fauxx
com.fazilvk.fluxtube	mu-fazil-vk/FluxTube
com.fazziclay.opentoday	FazziCLAY/OpenToday
com.fbiego.dt78	fbiego/DT78-App-Android
com.feels.feelingsApp.feels_app	seras42/feels_app
com.feko.generictabletoprpg	feko006/generictabletoprpg
com.ferrarid.converterpro	ferraridamiano/ConverterNOW
com.fibelatti.photowidget	fibelatti/photo-widget
com.fibelatti.pinboard	fibelatti/pinboard-kotlin
com.firebirdberlin.nightdream.noGms	firebirdberlin/nightdream
com.fireflame.dream	FuzionCD/dream-game-android
com.fitforge.fitforge	mnkkhan77/fitforge
com.fitworkoutfast	senpl/Fit-workout-fast
com.fiveseven.tabataxtreme	shorttw/TabataXtreme
com.fixupxer	NeatCode-Labs/fixupxer
com.fjun.hassalarm	Johboh/hassalarm
com.flashbyte	iamsami101/Flashbyte
com.flashsphere.privatednsqs	flashsphere/private-dns-qs
com.flashsphere.privatednsqs.nolauncher	flashsphere/private-dns-qs
com.flauschcode.broccoli	flauschtrud/broccoli
com.flipperdevices.app	flipperdevices/Flipper-Android-App
com.floflacards.app	flofladev/floflacards
com.florianthaler.githo	Glitchy-Tozier/githo
com.flux	chindaronit/Flux
com.flx_apps.digitaldetox	flxapps/DetoxDroid
com.flxrs.dankchat	flex3r/DankChat
com.fmsys.snapdrop	fm-sys/snapdrop-android
com.focusbuddy.app	toprakpt1/focusbuddy
com.folio.reader	AlanHuang99/Folio
com.foobnix.pro.pdf.reader	foobnix/LibreraReader
com.food.opencook	oliexdev/openCook
com.formfun	Rohithkvsp/Form-N-Fun
com.forrestguice.suntimescalendars	forrestguice/SuntimesCalendars
com.forrestguice.suntimeswidget	forrestguice/SuntimesWidget
com.foss.aihub	SilentCoderHere/aihub
com.foxdebug.acode	deadlyjack/Acode
com.foxek.simpletimer	Foxek/WiseTimer
com.fpf.sentinellens	dev-diaries41/sentinel-lens
com.fpf.smartscan	smartscanapp/smartscan-android
com.fr3ts0n.androbd.plugin.gpsprovider	fr3ts0n/AndrOBD-Plugin
com.fr3ts0n.androbd.plugin.mqtt	fr3ts0n/AndrOBD-Plugin
com.fr3ts0n.androbd.plugin.sensorprovider	fr3ts0n/AndrOBD-Plugin
com.fr3ts0n.ecu.gui.androbd	fr3ts0n/AndrOBD
com.fr3ts0n.stagefever	fr3ts0n/StageFever
com.frabon.rememberthedate	francescobonesi/Date-a-base
com.frankseptillion.readresolution	Septillion/Detect-Resolution-Android
com.freakurl.apps.ollama	JHubi1/ollama-app
com.fredhappyface.brainf	fredhappyface/android.brainf
com.fredhappyface.ewesticker	fredhappyface/android.EweSticker
com.freerdp.afreerdp	FreeRDP/FreeRDP
com.freetime.geoweather	FreetimeMaker/GeoWeather
com.freetime.ssmpc	FreetimeMaker/SuperSMP-Companion-App
com.freewatermark.app	free-watermark/mobile-app
com.frequent.habits	FrequeNCy144/Frequent-Habits
com.freshollie.monkeyboard.keystoneradio	freshollie/monkeyboard-radio-android
com.froxot.cuscon.foss	MiepHD/cuscon
com.fsck.k9	thunderbird/thunderbird-android
com.furthersecrets.chemsearch	FurtherSecrets24680/chemsearch-android
com.futsch1.medtimer	Futsch1/medTimer
com.futurice.android.reservator	futurice/meeting-room-tablet
com.g00fy2.developerwidget	G00fY2/DeveloperWidget
com.gabm.screenrotationcontrol	gabm/TapAndTurn
com.galagidae.broadboard	galagidae/broadboard
com.galaxyrio.sudokusolver	Galaxy-rio/SudokuYou
com.gallantrealm.modsynth	owingsbj/ModSynth
com.game.asteroids_revenge	mlm-games/asteroids-revenge
com.game.caverncravers	mlm-games/cavern-cravers
com.game.freethebugs	mlm-games/free-the-bugs
com.game.plutonic	mlm-games/plutonic
com.games.boardgames.aeonsend	JanSvoboda/aeonsend-randomizer
com.garyodernichts.downgrader	GaryOderNichts/SimpleAppDowngrader
com.gasperpintar.smokingtracker	pintargasper/SmokingTracker
com.gatheringhallstudios.mhworlddatabase	gatheringhallstudios/MHWorldDatabase
com.gaurav.avnc	gujjwal00/avnc
com.gbeatty.arxiv	GarrettBeatty/arXiv-eXplorer
com.gbros.tabslite	More-Than-Solitaire/Tabs-Lite
com.gdf.hema_timer	kstepanovdev/gdf_hema_timer
com.geecee.escapelauncher	GeorgeClensy/Escape-Launcher
com.geekorum.ttrss.free	fbarthelery/geekttrss
com.geeksville.mesh	meshtastic/Meshtastic-Android
com.gelakinetic.mtgfam	AEFeinstein/mtg-familiar
com.gemwallet.android	gemwalletcom/wallet
com.gent8.taison	Gent8/Taison
com.georgernstgraf.polishedrecognition	georgernstgraf/polished-recognition
com.georgeyt9769.cardabase	GeorgeYT9769/cardabase-app
com.geovnn.vapetools	geovnn/Vape-Tools
com.germainz.identiconizer	GermainZ/Identiconizer
com.gero.newpass	6eero/NewPass
com.gh4a	slapperwan/gh4a
com.ghisguth.sun	ghisguth/sunlight
com.ghstudios.android.mhgendatabase	gatheringhallstudios/MHGenDatabase
com.giacomomensio.ricevapp	giacomomensio/RicevappDocumentoCommerciale
com.gianlu.aria2android	devgianlu/Aria2Android
com.gianlu.aria2app	devgianlu/Aria2App
com.gianlu.dnshero	devgianlu/DNSHero
com.gideontek.phonetrack	gideontek/phonetrack
com.gifboard	gifboard/gifboard
com.gigabytedevelopersinc.app.explorer	gigabytedevelopers/FireFiles
com.gimranov.zandy.app	ajlyon/zandy
com.git.amarradi.leafpad	amarradi/leafpad
com.git.itdolan31.crystalpad	itdolan31/crystalpad
com.github.abakum.crocson	abakum/crocson
com.github.andremiras.qrscan	AndreMiras/QrScan
com.github.andremiras.zbarcamdemo	kivy-garden/zbarcam
com.github.andreyasadchy.xtra	crackededed/Xtra
com.github.ashutoshgngwr.noice	trynoice/android-app
com.github.ashutoshgngwr.tenbitclockwidget	ashutoshgngwr/10-bitClockWidget
com.github.autodiag2.elm327emu	autodiag2/ELM327SimAndroid
com.github.base64toolbox	Unkn8wn69/base64-Toolbox
com.github.bmx666.appcachecleaner	bmx666/android-appcachecleaner
com.github.capntrips.kernelflasher	capntrips/KernelFlasher
com.github.catfriend1.syncthingfork	researchxxl/syncthing-android
com.github.catfriend1.syncthinglite	researchxxl/syncthing-lite
com.github.cetoolbox	cetoolbox/cetoolbox
com.github.characterdog.bmicalculator	characterdog/bmi-calculator
com.github.cvzi.darkmodewallpaper	cvzi/darkmodewallpaper
com.github.cvzi.screenshottile	cvzi/ScreenshotTile
com.github.cvzi.wallpaperexport	cvzi/WallpaperExport
com.github.dan.NoStorageRestrict	Xposed-Modules-Repo/com.github.dan.nostoragerestrict
com.github.db1996.taskerha	db1996/TaskerHa
com.github.dfa.diaspora_android	gsantner/dandelion
com.github.digitallyrefined.androidipcamera	DigitallyRefined/android-ip-camera
com.github.dmitrykouznetsov.softplusoptions	dmitrykouznetsov/SoftPlusOptions
com.github.droserasprout.lockscreencamera	droserasprout/com.github.droserasprout.lockscreencamera
com.github.dyhkwong.sagernet	ExclaveNetwork/Exclave
com.github.edeso.bubble2	edeso/bubble2
com.github.emavgl.piggybankpro	emavgl/oinkoin
com.github.enteraname74.soulsearching	enteraname74/SoulSearching
com.github.fi3te.notificationcron	fi3te/NotificationCron
com.github.frimtec.android.pikettassist	frimtec/pikett-assist
com.github.frimtec.android.securesmsproxy	frimtec/secure-sms-proxy
com.github.ghmxr.apkextractor	ghmxr/apkextractor
com.github.ghmxr.ftpshare	ghmxr/ftpshare
com.github.gianlucanitti.expreval	gianluca-nitti/android-expr-eval
com.github.girator.rebooter	GIRATOR/Rebooter
com.github.gotify	gotify/android
com.github.gouravkhunger.quotesapp	gouravkhunger/QuotesApp
com.github.gschwind.fiddle_assistant	gschwind/fiddle-assistant
com.github.handewo.neon	handewo/neon
com.github.heartratemonitor_compose	XiaochangXu/HeartRateMonitor-composeui
com.github.helltar.anpaside	Helltar/ANPASIDE
com.github.howeyc.crocgui	howeyc/crocgui
com.github.iamrezamousavi.mafia	IamRezaMousavi/Mafia
com.github.jameshnsears.chance	jameshnsears/Chance
com.github.jameshnsears.quoteunquote	jameshnsears/QuoteUnquote
com.github.jamsinclair.owcamera2	jamsinclair/ow-camera-android
com.github.khanshoaib3.nerdsteam	khanshoaib3/nerd-steam
com.github.ktsr42.rsyncserver	ktsr42/RsyncServerApp
com.github.lamarios.clipious	lamarios/clipious
com.github.librerandonaut.librerandonaut	librerandonaut/librerandonaut
com.github.libretube	libre-tube/LibreTube
com.github.livingwithhippos.unchained	LivingWithHippos/unchained-android
com.github.m374lx.alexvsbus	M374LX/alexvsbus
com.github.mdeluise.plantit	MDeLuise/plant-it
com.github.metacubex.clash.meta	MetaCubeX/ClashMetaForAndroid
com.github.meypod.al_azan	meypod/al-azan-compose
com.github.meypod.al_quran	meypod/al-quran
com.github.mikulash.shareasqr	mikulash/ShareAsQR
com.github.mistermo_vibecode.voiceplus	mistermo-vibecode/VoicePlus
com.github.mkalmousli.floating_mute	mkalmousli/FloatingMute
com.github.mkalmousli.floating_volume	mkalmousli/FloatingVolume
com.github.mofosyne.tagdrop	mofosyne/tagdrop
com.github.moheb2000.persian_subtitle_fixer	moheb2000/persian_subtitle_fixer_flutter
com.github.mrrar.gps_locker	MrRar/gps_locker
com.github.msx80.doorsofdoom	msx80/DoorsOfDoomOmicron
com.github.msx80.retrodrawing	msx80/RetroDrawing
com.github.msx80.turnsofwar	msx80/turnsofwar
com.github.muellerma.coffee	mueller-ma/Coffee
com.github.muellerma.mute_reminder	mueller-ma/MuteReminder
com.github.muellerma.nfcreader	mueller-ma/NFCReader
com.github.muellerma.prepaidbalance	mueller-ma/PrepaidBalance
com.github.muellerma.stopwatch	mueller-ma/Stopwatch
com.github.muellerma.tabletoptools	mueller-ma/TabletopTools
com.github.niccokunzmann.hanumanchalisa	niccokunzmann/HanumanChalisa
com.github.nicorac.bcrgui	nicorac/bcr-gui
com.github.niqdev.ipcam	niqdev/ipcam-view
com.github.normplum.silentshare	NormPlum/SilentShare
com.github.olga_yakovleva.rhvoice.android	RHVoice/RHVoice
com.github.premnirmal.tickerwidget	premnirmal/StockTicker
com.github.rahul_gill.attendance	rahul-gill/Self-Attendance-Tracker
com.github.rsteube.t4	rsteube/t4-launcher
com.github.ruleant.getback_gps	ruleant/getback_gps
com.github.saikcaskey.pokertracker	saikcaskey/pokertracker
com.github.samotari.paynoway	samotari/paynoway
com.github.shadowsocks	shadowsocks/shadowsocks-android
com.github.shadowsocks.plugin.ck_client	cbeuw/Cloak-android
com.github.shadowsocks.plugin.gq_client	cbeuw/GoQuiet-android
com.github.shadowsocks.plugin.v2ray	shadowsocks/v2ray-plugin-android
com.github.shadowsocks.tv	shadowsocks/shadowsocks-android
com.github.shingyx.boomswitch	Shingyx/BoomSwitch
com.github.siggel.coordinatejoker	siggel/coordinatejoker
com.github.soundpod	arunnechully/SoundPod
com.github.sourzo.a_rithist	sourzo/arithist
com.github.stsaz.phiola	stsaz/phiola
com.github.terrakok.wikwok.androidApp	terrakok/Wikwok
com.github.thepiemonster.hidemocklocation	ThePieMonster/HideMockLocation
com.github.thewierdnut.endless_mobile	thewierdnut/endless-mobile
com.github.tianma8023.xposed.smscode	tianma8023/XposedSmsCode
com.github.timboode.statefulspeedometer	timboode/stateful-speedometer
com.github.tmo1.sms_ie	tmo1/sms-ie
com.github.trivialloop.scorehub	trivialloop/scorehub
com.github.umer0586.droidpad	umer0586/DroidPad
com.github.umer0586.sensagram	umer0586/SensaGram
com.github.umercodez.sensorspot	UmerCodez/SensorSpot
com.github.vatbub.scoreboard	vatbub/Scoreboard
com.github.vauvenal5.yaga	vauvenal5/yaga
com.github.vgaj.proxy	vgaj/proxy
com.github.warren_bank.airplay_client	warren-bank/Android-AirPlay-Client
com.github.warren_bank.bonjour_webrtc	warren-bank/Android-Bonjour-WebRTC
com.github.warren_bank.bookmarks	warren-bank/Android-Bookmarks
com.github.warren_bank.exoplayer_airplay_receiver	warren-bank/Android-ExoPlayer-AirPlay-Receiver
com.github.warren_bank.mock_location	warren-bank/Android-Mock-Location
com.github.warren_bank.mock_location.service.microg_nlp_backend	warren-bank/Android-Mock-Location
com.github.warren_bank.mock_location.silently	warren-bank/Android-Mock-Location
com.github.warren_bank.ptt_bluetooth_speaker.receiver	warren-bank/Android-PTT-Bluetooth-Speaker
com.github.warren_bank.ptt_bluetooth_speaker.sender	warren-bank/Android-PTT-Bluetooth-Speaker
com.github.warren_bank.rtsp_ipcam_viewer	warren-bank/Android-RTSP-IPCam-Viewer
com.github.warren_bank.slideshow_screensaver	warren-bank/Android-Image-Slideshow-Screensaver
com.github.warren_bank.sms_automatic_forwarding	warren-bank/Android-SMS-Automatic-Forwarding
com.github.warren_bank.sms_automatic_reply_gps	warren-bank/Android-SMS-Automatic-Reply-GPS
com.github.warren_bank.webcast	warren-bank/Android-WebCast
com.github.warren_bank.webmonkey	warren-bank/Android-WebMonkey
com.github.webierta.call_counter	Webierta/call-counter
com.github.webierta.carfoin	Webierta/carfoin
com.github.webierta.tarifa_luz	Webierta/tarifa_luz
com.github.webierta.todo_manager	Webierta/todo_manager
com.github.whitescent.engine	whitescent/Engine
com.github.whyrising.flashyalarm	yahyatinani/flashy-alarm
com.github.xfalcon.vhosts	x-falcon/Virtual-Hosts
com.github.xiaoshihou.jiyi	xiaoshihou514/jiyi
com.github.yeriomin.smsscheduler	yeriomin/SmsScheduler
com.glitterware.passy	GlitterWare/Passy
com.glosdalen.app	daniel-freiermuth/glosdalen
com.gluege.nightlight	Ra-Na/NightLightApp
com.gmail.anubhavdas54.whatsdeleted	4nubhav/WhatsDeleted
com.gmail.blandilyte.silverdict	Crissium/SilverDict-mobile
com.gmail.cn.leetao94.rssaid	LeetaoGoooo/RSSAid
com.gnethomelinux.midistrum	guysoft/midistrum
com.gohj99.telewatch	gohj99/Telewatch
com.gokadzev.musify	gokadzev/Musify
com.gokadzev.musify.fdroid	gokadzev/Musify
com.goltzkiste.guessaday	mo271/guessaday
com.gonnaggstudio.oh_tai_gi	hschueh/oh_tai_gi
com.goodecho.app	shkarlsson/good-echo
com.goodify.matrixtinz.app	D-e-vGoodify/MatrixTinz
com.goofwear.file85toolkit	goofwear/File85Toolkit
com.google.android.apps.photos	lukaspieper/Gcam-Services-Provider
com.google.android.diskusage	IvanVolosyuk/diskusage
com.google.android.projection.gearhead.xunlocked	Rikj000/Android-Auto-XLauncher-Unlocked
com.google.android.stardroid	sky-map-team/stardroid
com.googol.android.apps.oneplayer	googol-apps/OnePlayer
com.gooseberrydevelopment.pinepods	madeofpendletonwool/PinePods
com.gorden.dayexam	newerZGQ/day_exam
com.gorunjinian.metrovault	gorunjinian/MetroVault
com.goushik.upiwallet	xxwarwolfxx/UPI-Expense-Tracker
com.governikus.ausweisapp2	Governikus/AusweisApp2
com.gpa.calculator.gpa_calculator	mllrr96/Gpa-Calculator
com.gpa.safecharge	AswinChand97/SafeCharger
com.gpl.rpg.AndorsTrail	AndorsTrailRelease/andors-trail
com.graphhopper.maps	boldtrn/graphhopper-maps-capacitor
com.grappim.hateitorrateit.fdroid	Grigoriym/HateItOrRateIt
com.grappim.taigamobile.fdroid	Grigoriym/TaigaMobileNova
com.gravityplay	MetatransApps/Android_APK_2DGravity
com.greenaddress.abcore	greenaddress/abcore
com.greenaddress.greenbits_android_wallet	blockstream/green_android
com.greenart7c3.citrine	greenart7c3/Citrine
com.greenart7c3.nostrsigner	greenart7c3/Amber
com.grmasa.soundtoggle	grmasa/Sound-Toggle
com.growse.android.io.github.hidroh.materialistic	growse/materialistic-nouveau
com.gtp.showapicturetoyourfriend	Somethingweirdhere/Secure-Photo-Viewer
com.guiforge.bati	Guiforge/bati
com.guillaumepayet.remotenumpad	guillaumevpayet/remote-numpad
com.guillot.phylactere	gri38/phylacteres
com.guozhigq.pilipala	guozhigq/pilipala
com.gurkenwerfer.calyx	stefexec/calyx
com.guruswarupa.launchh	guruswarupa/launch
com.gwitko.conduit	gwitko/Conduit
com.gymmane.app	InlitX/GymMane
com.gyorog.polycal	jasongyorog/PolyCal
com.hackerapps.c2k	AnalogGhost/c2k
com.hackerapps.jargon	AnalogGhost/jargon
com.hardbacknutter.nevertoomanybooks	tfonteyn/NeverTooManyBooks
com.hardbacknutter.sshd	tfonteyn/Sshd4a
com.haringeymobile.ukweather	Kestutis-Z/World-Weather
com.harr1424.listmaker	harr1424/ListMaker
com.harsh.shah.saavnmp3	Harshshah6/SaavnMp3-Android
com.harshalbhatia.whatsopen	harshalbhatia/whatsopen
com.haseeb.quranapp	muhammadhaseebiqbal-dev/QuranMajeed
com.hassaneltantawy.alazkar	muslimpack/Al-Azkar
com.hassaneltantawy.hisnelmoslem	muslimpack/HisnElmoslem_App
com.hassaneltantawy.qadaa	muslimpack/Qadaa
com.hazel.android	SibtainOcn/Hazel
com.hazelhope.dubster.hamtest	DubsterDev/HamTestAndroid
com.hbouzidi.fiveprayers	Five-Prayers/five-prayers-android
com.headi.app	MrReSc/Headi
com.health.openscale	oliexdev/openScale
com.health.openscale.sync	oliexdev/openScale-sync
com.health.openworkout	oliexdev/openWorkout
com.hebrewcal	attam5740/hebrewcal-android
com.heeboe.hebrewcalendar	gregnwosu/hebrew_calendar
com.hegocre.nextcloudpasswords	hegocre/NextcloudPasswords
com.hello.randomname	qux-bbb/random-name-android
com.helloworld3003.livewallpaperdinogame	helloworld3003/Live-Wallpaper-Dino-game
com.helloyanis.rucoycalculator	helloyanis/rucoy-calculator
com.henrikherzig.playintegritychecker	herzhenr/spic-android
com.henrikherzig.simplewol	herzhenr/simple-wake-on-lan
com.hexcorp.futoshiki	samgrande/Simple-Futoshiki
com.hexcorp.ringr	samgrande/RingR
com.hfut.schedule	Chiu-xaH/HFUT-Schedule
com.hg.openwrtmanager	hagaygo/OpenWrtManager
com.hhst.litube	HydeYYHH/litube
com.hhvvg.ecm	gitofleonardo/ExtClipboardManager
com.hifnawy.caffeinate	abdalmoniem/Caffeinate
com.hjiangsu.thunder	thunder-app/thunder
com.hmdm.launcher	h-mdm/hmdm-android
com.hobbyone.HashDroid	HobbyOneDroid/HashDroid
com.hos_dvk.easyphone.full	handyopensource/HOSDVK-EasyPhone
com.hotstuff	PamCatten/hot-stuff
com.htetznaing.adbotg	KhunHtetzNaing/ADB-OTG
com.huc.android_ble_monitor	mx0c/Android-BLE-Monitor
com.hugo.theuniversedecides	vitorhugo-dotnet/the_universe_decides
com.huntercoles.pokerpayout	HunterColes/PokerPayout
com.husudosu.mpvremote	husudosu/mpv-remote-app
com.hwloc.lstopo	open-mpi/hwloc
com.hzy.p7zip.app	hzy3774/AndroidP7zip
com.iTrack.app	xaxoman/iTrack-open-source-workout-app
com.iakmds.librecamera	iakdis/librecamera
com.ianhanniballake.localstorage	ianhanniballake/LocalStorage
com.iatfei.streakalarm	fei0316/snapstreak-alarm
com.iatfei.tsconverter	fei0316/OpenCC-android-app
com.iboalali.sysnotifsnooze	gloomy-ghost/sysnotifsnooze
com.ichi2.anki	ankidroid/Anki-Android
com.idunnololz.summit.fdroid	idunnololz/summit
com.igormaznitsa.piratedice	raydac/AndroidPirateDice
com.iiordanov.freeaRDP	iiordanov/remote-desktop-clients
com.iiordanov.freebVNC	iiordanov/remote-desktop-clients
com.illiouchine.jm	MieuxVoter/majority-judgment-offline-urn-android
com.illusionman1212.lyricsgrabbr	illusionman1212/lyrics-grabbr
com.imi.smartedge.sidebar.panel	Imtiaz-Official/Smart-Edge
com.impostormx.org	retired64/ImpostorMX
com.improvement_roll	vukani-dev/improvement-roll
com.in.my.district	jfoclpf/in-my-district
com.indieweb.indigenous	IndiePass/indiepass-android
com.infomaniak.drive	Infomaniak/android-kDrive
com.infomaniak.euria	Infomaniak/android-euria
com.infomaniak.mail	Infomaniak/android-kMail
com.infomaniak.meet	Infomaniak/android-infomaniak-meet
com.infomaniak.sync	Infomaniak/android-kSync
com.inky.fitnesscalendar	Inky-developer/FitnessCalendar
com.inod.screenofftimer	doniarifin/screen-off-timer
com.inspiredandroid.braincup	SimonSchubert/Braincup
com.inspiredandroid.kai	SimonSchubert/Kai
com.inspiredandroid.linuxcommandbibliotheca	SimonSchubert/LinuxCommandLibrary
com.internalpositioning.find3.find3app	schollz/find3-android-scanner
com.invoiceninja.app	invoiceninja/admin-portal
com.ionicframework.backingtrainer763961	spheras/backingtrainer
com.iris.gallery	MohamadOday/iris-gallery
com.isaiahvonrundstedt.fokus	icabetong/fokus-android
com.island.filemanagerutils	rikyiso01/FileManagerUtils
com.ismartcoding.plain	plainhub/plain-app
com.isotjs.todosian	isotjs/todosian-app
com.ispindle.plotter	GlassOnTin/iSpindlePlotter
com.itsfrz.tictactoe	Itsfrz/TicTacToe
com.itsvks.layouteditor	itsvks19/LayoutEditor
com.ivanovsky.passnotes	aivanovski/kpassnotes
com.ivarna.finalbenchmark2	abhay-byte/finalbenchmark-platform
com.ivarna.fluxlinux	abhay-byte/fluxlinux
com.ivarna.mkm	abhay-byte/mkm
com.ivylopez.authsrng	authsrng-game/auths-RNG-apk
com.iyox.wormhole	iyox-studios/iyox-Wormhole
com.iyps	StellarSand/IYPS
com.j.m3play	JAY01-CYBER/M3-Play
com.jabstone.jabtalk.basic	jabstone/JABtalk
com.jaimegonzalezfabregas.shoppinglist	jaimegonzalezfabregas/lista_de_la_compra
com.jairaj.janglegmail.motioneye	JairajJangle/motioneye-android
com.jakubhlavacek.gtfsrealtimemap	TriLinder/FindMyBus
com.jamal2367.styx	jamal2362/Styx
com.jamal2367.urlradio	jamal2362/URL-Radio
com.javalon.englishwhiz	ezechuka/EnglishWhiz
com.jayc180.rhythmengine	jayc180/prog-metronome
com.jbgsoft.ambio	jaimebg/Ambio
com.jbselfcompany.tyr	JB-SelfCompany/Tyr
com.jecelyin.editor.v2	jecelyin/920-text-editor-v2
com.jeffliu.balancetheball	baturkey/Balance-the-Ball
com.jefftharris.passwdsafe	jefftharris/passwdsafe
com.jerameeldelosreyes.bacon	jerameel/bacon
com.jerameeldelosreyes.sushi	jerameel/sushi
com.jerboa	LemmyNet/jerboa
com.jeroen1602.lighthouse_pm	jeroen1602/lighthouse_pm
com.jhc.volumetile	j-hc/VolumeTile
com.jhelum.gyawun	sheikhhaziq/gyawun_music
com.jherkenhoff.qalculate	jherkenhoff/qalculate-android
com.jiaqifeng.hacki	Livinglist/Hacki
com.jim.sharetocomputer	jimmod/ShareToComputer
com.jingcjie.wifi_direct_cable	jingcjie/WDCable_flutter
com.jithware.brethap	jithware/brethap
com.jjewuz.justweather	jjewuz/JustWeather
com.jkcarino.ankieditor	jkennethcarino/AnkiEditor
com.jksalcedo.librefind	jksalcedo/librefind
com.jksalcedo.passvault	jksalcedo/PassVault
com.jkuester.unlauncher	jkuester/unlauncher
com.jlindemann.science	JLindemann42/Atomic-Periodic-Table.Android
com.jlucasgaldino.Praxis	JLucasGaldino/Praxis
com.jmstudios.chibe	raatmarien/chibe
com.jmstudios.redmoon	LibreShift/red-moon
com.joaohouto.assistivemenutool	joaohouto/assistive
com.joeld.minesweeper	JoelDankert/Minesweeper-for-Android
com.johanpy.drivesoberly	JohanPy/DriveSoberly
com.jordanadema.nebula	jordanade/Nebula
com.jovial.jrpn	zathras/JRPN_Android
com.jovial.jrpn15	zathras/jrpn
com.jovial.jrpn2	zathras/jrpn
com.jpkhawam.nabu	jpkhawam/Nabu
com.jpwolfso.privdnsqt	joshuawolfsohn/Private-DNS-Quick-Tile
com.jroddev.android_oss_release_tracker	jroddev/android-oss-release-tracker
com.js.nowakelock	NoWakeLock/NoWakeLock
com.jstappdev.e6bflightcomputer	j05t/e6b
com.jstone.livegalgame	JStone2934/LiveGalGame
com.jtmcn.archwiki.viewer	kevinhinterlong/archwiki-viewer
com.jucktion.healthlog	jucktion/healthlog
com.juliansparber.captiveportallogin	jsparber/CaptivePortalAutologin
com.julij.arsovreme	pro1mantis/ArsoVreme-webapp
com.junjunguo.pocketmaps	junjunguo/PocketMaps
com.junkfood.seal	JunkFood02/Seal
com.justdeax.composeStopwatch	JustDeax/ComposeStopwatch
com.jvdegithub.aiscatcher	jvde-github/AIS-catcher-for-Android
com.jvillalba.apod.md	fighthawkarg/NasaApodMD
com.k.todo	KerlosGirgis/Todo
com.k2040.escaagnellis	Kamui2040/Esca-Agnellis-Android
com.k2040.geojoystick	Kamui2040/K2040-GeoJoystick
com.k3.psaux	orhun/PSAUX
com.kaajjo.libresudoku	kaajjo/LibreSudoku
com.kaeruct.glxy	KaeruCT/GLXY
com.kaeruct.gotosleep	KaeruCT/Go-To-Sleep-Android
com.kaeruct.raumballer	KaeruCT/RaumBaller
com.kaii.photos	kaii-lb/LavenderPhotos
com.kaizen.khushu	greykaizen/khushu
com.kaleedtc.nitterium	kaleedtc/Nitterium
com.kaleedtc.privacium	kaleedtc/Privacium
com.kamwithk.ankiconnectandroid	KamWithK/AnkiconnectAndroid
com.kanedias.vanilla.audiotag	vanilla-music/vanilla-music-tag-editor
com.kanedias.vanilla.coverfetch	vanilla-music/vanilla-music-cover-fetch
com.kanedias.vanilla.lyrics	vanilla-music/vanilla-music-lyrics-search
com.kanedias.vanilla.metadata	vanilla-music/vanilla-music-metadata-fetch
com.karin.idTech4Amm	glKarin/com.n0n3m4.diii4a
com.kasumic.vpndetector	Kasumicic/vpn-inspector
com.katiearose.sobriety	KiARC/Sobriety
com.katoaapps.openminilaunch	katoaapps/openminilaunch
com.katsuyamaki.DroidOSFOSSKeyboardTrackpad	Katsuyamaki/DroidOS
com.katsuyamaki.DroidOSFOSSLauncher	Katsuyamaki/DroidOS
com.kaz.midnight	misterwaztaken/midnight
com.kazufukurou.nanji	artyommironov/nanji
com.kazumaproject.markdownhelperkeyboard.lite.fdroid	KazumaProject/JapaneseKeyboard
com.kblack.offlinemap	khoa083/map-offline-navigation
com.kbul.spicycrab	kirilan/SoloForge
com.kelani.sbdtracker	mburgosfr-star/kelani-sbd-tracker
com.kennyc.open.imgur	Kennyc1012/Opengur
com.kepat.unscopemydata	kepatotorica/UnscopeMyData
com.keshav.capturesposed	99keshav99/CaptureSposed
com.kgurgul.cpuinfo	kamgurgul/cpu-info
com.ki_bun.pioneer	ki-bun/Pioneer
com.kiber_bomzh.songbook	KiberBomzh/songbook-gui
com.kidozh.discuzhub.fdroid	kidozh/DiscuzHub
com.kieronquinn.app.simnumbersetter	KieronQuinn/SIMNumberSetter
com.kin.athena	Kin69/Athena
com.kin.easynotes	Kin69/EasyNotes
com.kinetica.keyboard	EZ-eta/kinetica
com.kingalex.kingpong	KingAlexGilbert/king-pong
com.kingalexgilbert.kingpost	KingAlexGilbert/king-post
com.kingzcheung.xime	ximeiorg/Xime
com.kip.reykunyutsyip	KipJM/Reykunyutsyip
com.kitsumed.shizucallrecorder	kitsumed/ShizuCallRecorder
com.kjxbyz.picguard	picguard/picguard
com.klee.sapio	jonathanklee/Sapio
com.klee.volumelockr	jonathanklee/VolumeLockr
com.knirirr.beecount	knirirr/BeeCount
com.koalasat.pokey	KoalaSat/pokey
com.koje.cards	koje71/com.koje.cards
com.kolakek.pimiwidget	kolakek/pimi-widget
com.kolktech.linxshare	tuxx/LinxShare
com.komodoplatform.komodowallet	KomodoPlatform/komodo-wallet
com.kounex.obsBlade	Kounex/obs_blade
com.kryptos.android	swisslite/Kryptos
com.krystelligence.solipsism	Kenneth-Cho-InfoSec/Solipsism
com.kssidll.arru	KSSidll/Arru
com.ktprograms.watertracker	ktprograms/WaterTracker
com.kuniec.latarka	SebastianKuniec/Latarka
com.kunzisoft.keepass.free	Kunzisoft/KeePassDX
com.kunzisoft.keepass.libre	Kunzisoft/KeePassDX
com.kwasow.musekit	Kwasow/Musekit
com.kylecorry.trail_sense	kylecorry31/Trail-Sense
com.l5rcm.companion	OpenNingia/l5rcm-player-app
com.ladsers.passtable.android	Ladsers/Passtable-Android
com.laert.qrscanner	Laert-Android/Privacy-QR-And-Barcode-Scanner
com.lalumo.app	Eastcoast-Laboratories/Lalumo
com.lavabit.pahoehoe	lavabit/pahoehoe
com.lcdcode.moodcairns	lcdcode/mood-cairns
com.leadaxe.lxbox	Leadaxe/LxBox
com.leaf.explorer	Shiv-Shambhu/Leaf-Explorer
com.leanbitlab.leantype	LeanBitLab/LeanType
com.leanbitlab.ltvL	leanbitlab-org/LtvLauncher
com.learntube.app	akshvaishnav21/LearnTube
com.leastauthority.destiny	LeastAuthority/destiny
com.leekleak.trafficlight	leekleak/traffic-light
com.leinardi.ubuntucountdownwidget	leinardi/UbuntuCountdownWidget
com.lembra.app	tizzenn/lembra
com.lenshrv.foss	LensHRV/lenshrv-app
com.leohearts.alternativeUnlockHook	leohearts/AlternativeUnlockXposed
com.lesspass.android	lesspass/lesspass
com.libreweatherrn	xddq/libre-weather-rn
com.lightplanx.xddk	XDDK/LightPlan
com.likhithpraveenk.storii	likhithpraveenk/storii
com.likhithpraveenk.sudoku	likhithpraveenk/sudoku
com.limbo.emu.main	limboemu/limbo
com.limecore.nexus	Limekana/nexus-command-center
com.limecore.workouttracker	Limekana/limelog
com.limelight	moonlight-stream/moonlight-android
com.limo.notecompanion	LimoDerEchte/NoteCompanion
com.lindevhard.android.raspfinder	LinDevHard/raspb-finder
com.linkedcamera.app	UrbanVue/linked_camera
com.listen1.app	listen1/listen1_mobile
com.lithium.leona.openstud	LithiumSR/openstud_client
com.litlifesoftware.historyofme	litlifesoftware/HistoryOfMe
com.littletrickster.scanner	LittleTrickster/PDF-Doc-Scan
com.livefast.eattrash.raccoonforfriendica	LiveFastEatTrashRaccoon/RaccoonForFriendica
com.livefast.eattrash.raccoonforlemmy.android	LiveFastEatTrashRaccoon/RaccoonForLemmy
com.llamacorp.equate	EvanRespaut/Equate
com.lloydtorres.stately	lloydtorres/stately
com.logger.app	Sanmeet007/logger
com.logseq.app	logseq/logseq
com.lolo.io.onelist	lolo-io/OneList
com.looker.droidify	Droid-ify/client
com.lorenzomarci.sosring	JackRushante/SOSRing
com.lorenzovainigli.foodexpirationdates.foss	lorenzovngl/FoodExpirationDates
com.lostf1sh.pixelplayeross	PixelPlayerHQ/PixelPlayerOSS
com.louis.app.cavity	ninjinskii/Cavity
com.louissimonmcnicoll.simpleframe	Louis-Simon22/simpleframe
com.ltrademark.hourly	ltrademark/HRLY
com.lubenard.oring_reminder	lubenard/oRing_Reminder
com.luc4n3x.levyra	LUC4N3X/Levyra-deepsound
com.lucao.limpazap	lucasew/limpazap
com.luchowl.flybook	Luchowl/flybook
com.luigivampa92.xlogger	LuigiVampa92/XLogger
com.luisbocanegra.substweaks	luisbocanegra/substratum-tweaks
com.luk.saucenao	LuK1337/SauceNAO
com.luk.timetable2	LuK1337/TimeTable2
com.lukeneedham.braillekeyboard	Brailliac/BrailleKeyboard
com.lukeneedham.vibrator	LukeNeedham/Vibrator
com.lukeneedham.videodiary	LukeNeedham/VideoDiary
com.lulu786.Alternate	BioHazard786/Alternate
com.luminaapps.cairn	LuminaAppsDev/cairn
com.lyonbros.turtl	turtl/fdroid
com.m57.hermescontrol	Hy4ri/hermes-mobile
com.ma.tehro	mosayeb-a/tehran-metro
com.maazm7d.quickse	maazm7d/QuickSE
com.maazm7d.termuxhub	maazm7d/TermuxHub
com.mablanco.pricegrab	mablanco/pricegrab
com.machiav3lli.backup	NeoApplications/Neo-Backup
com.machiav3lli.derdiedas	machiav3lli/DerDieDas
com.machiav3lli.fdroid	NeoApplications/Neo-Store
com.madlonkay.orgro	amake/orgro
com.maelchiotti.localmaterialnotes	maelchiotti/LocalMaterialNotes
com.maforn.timedshutdown	maforn/TimedShutdownAndroid
com.mahmoudrh.roomxml	MahmoudRH/D_Note
com.maksimowiczm.findmyip	maksimowiczm/find-my-ip
com.maksimowiczm.foodyou	maksimowiczm/FoodYou
com.malarm	adriablo/malarm
com.malopieds.innertune	Malopieds/InnerTune
com.maloy.muzza	Maloy-Android/Muzza
com.maltaisn.notes.sync	maltaisn/another-notes-app
com.maneeshacooray.gitling	maneeshacooray/Gitling
com.manichord.mgit	maks/MGit
com.manimarank.spell4wiki	manimaran96/Spell4Wiki
com.mantz_it.rfanalyzer	demantz/RFAnalyzer
com.manuelmaly.hn	manmal/hn-android
com.marceljurtz.lifecounter	MarcelJurtz/LifeCounter
com.mardous.booming	mardous/BoomingMusic
com.markleaf.notes	jeiel85/markleaf-android
com.markobl.calllogsync	MarkoBL/AndroidCallLogSync
com.markreader	usamaiqb/mark-reader
com.marktka.calculatorYou	forzzzzz/Calculator-You
com.markusborg.test	mrksbrg/RacketGhost
com.marlinid.marlin	fwille/marlin
com.marotidev.Overmorrow	bmaroti9/Overmorrow
com.marotoweb.cajuscan_app	marotoweb/cajuscan_app
com.martinhammer.tickdroid	martinhammer/tickdroid
com.martinmimigames.littlemusicplayer	martinmimigames/little-music-player
com.martinmimigames.simplefileexplorer	martinmimigames/little-file-explorer
com.martinmimigames.tinymusicplayer	martinmimigames/tiny-music-player
com.marv42.ebt.newnote	marv42/EbtNewNote
com.masterisk_f.accesssupporter	Masterisk-F/StationAccessSupporter
com.matanh.transfer	matan-h/Transfer
com.matedroid	vide/matedroid
com.matejdro.pebbledialer	matejdro/PebbleDialer-Android
com.matelsky.coppelia	j6k4m8/coppelia
com.materializr.app	materializr-cad/materializr
com.mateusrodcosta.apps.share2storage	MateusRodCosta/Share2Storage
com.mateusrodcosta.apps.vidyamusic	MateusRodCosta/VidyaMusic
com.mathclock	thodiet/mathclock
com.mathi_amorim.emmanuel.metrictime	mannyamorim/metrictime
com.matrix.synapse.manager	sureserverman/matrix-synapse-manager-android
com.mattermost.rnbeta	mattermost/mattermost-mobile
com.mattgmg.miracastwidget	mattgmg1990/miracast-widget
com.maximillianleonov.cinemax	AfigAliyev/Cinemax
com.maxistar.textpad	maxistar/TextPad
com.maxrave.simpmusic	maxrave-dev/SimpMusic
com.maze_squirrel	MetatransApps/Android_APK_2DMaze
com.mbosse.gymloga	GymLoga/GymLoga-Android
com.mcdz.seeip	mcdz/LocalIP
com.mde.potdroid	janoliver/pOT-Droid
com.mdiqentw.lifedots	XilinJia/Life-Dots
com.meenbeese.chronos	meenbeese/Chronos
com.megamaced.crate	megamaced/crate-android
com.megamaced.nccollectives	megamaced/nc_collectives_android
com.mendhak.conscryptprovider	mendhak/Conscrypt-Provider
com.mendhak.gpslogger	mendhak/gpslogger
com.mendhak.sheepyhorn	mendhak/SheepyHorn
com.menny.android.anysoftkeyboard	AnySoftKeyboard/AnySoftKeyboard
com.menny.anysoftkeyboard.finnish	AnySoftKeyboard/AnySoftKeyboard
com.mensinator.app	EmmaTellblom/Mensinator
com.meow.lnctattendance	utkarshgupta188/lnctu-app
com.merxury.blocker	lihenggui/blocker
com.metalshard.hyperion	themetalshard/PBScheduleViewer
com.metalshard.projectwave	themetalshard/acoustic-radio
com.metapurge.app	potatameister/MetaPurge
com.meteocool	meteocool/android
com.metrolist.music	MetrolistGroup/Metrolist
com.metromusic	Diffechento/MetroMusic
com.mgoogle.android.gms	TeamVanced/VancedMicroG
com.michaeltroger.gruenerpass	michaeltroger/pdfwallet-android
com.michaldrabik.showly2	trakt/showly
com.micoyc.speakthat	mitchib1440/SpeakThat
com.mikifus.padland	mikifus/padland
com.mileskrell.texttorch	mileskrell/text-torch
com.milki.launcher	milkiLabs/launcher
com.miloshpetrov.sol2.android	MovingBlocks/DestinationSol
com.minar.birday	m-i-n-a-r/birday
com.minar.randomix	m-i-n-a-r/randomix
com.mine.autolight	The-First-King/Auto-Light
com.mine.autooffbluetooth	The-First-King/Auto-Off-Bluetooth
com.mine.autoshine	Valent-in/Auto-Shine
com.mine.autosleep	The-First-King/Auto-Sleep
com.minimo.launcher	VaibhavLakhera/minimo-launcher
com.mirfatif.mylocation	mirfatif/MyLocation
com.mirfatif.noorulhuda	mirfatif/NoorUlHuda
com.mirfatif.permissionmanagerx	mirfatif/PermissionManagerX
com.mishiranu.dashchan	Mishiranu/Dashchan
com.mkulesh.micromath.plus	mkulesh/microMathematics
com.mkulesh.onpc	mkulesh/onpc
com.mkx.hrttracker	mkx173/Featherline
com.ml.proximitysensorfix	marcolettieri/proximitycallfix
com.mmazzarolo.breathly	mmazzarolo/breathly-app
com.mobile.bummerzaehler	Elektropepi/bummerlzaehler
com.mobilefork.hermesagent	adybag14-cyber/hermes-agent
com.mobilerpgpack.phone	sandstranger/doom-wolf-rpg-android-port
com.module.notelycompose.android	tosinonikute/NotelyVoice
com.moi.lumine	SniShaper/lumine-for-android
com.moimob.drinkable	MOIMOB/drinkable
com.money.manager.ex	moneymanagerex/android-money-manager-ex
com.monkopedia.healthdisconnect	Monkopedia/health-disconnect
com.monstera.harbor	Stem0794/harbor
com.monuk7735.nope.remote	monuk7735/nope-remote
com.mookie.circo	MalcolmScruggs/CircoIconPack
com.mooneva.app	aradar46/Mooneva-Cycle-Private-Period-Tracker
com.mostafa.brickblast	ashrafimostafa/Brick-Blast
com.mouzinho.pokebase	luizfilho00/pokedex
com.movietrivia.filmfacts	jlynchsd/FilmFacts
com.mrbimc.selinux	MrBIMC/SELinuxModeChanger
com.mrchandler.disableprox	wardellbagby/sensor-disabler
com.mrl.pixiv	darriousliu/PiPixiv
com.mrmannwood.hexlauncher	MrMannWood/launcher
com.mrsep.musicrecognizer	AudileTeam/Audile
com.mrsep.ttlchanger	aleksey-saenko/TTLChanger
com.msapps.touchdetector	sujithkanna/TouchDetector
com.msb.bluecheese	msbCyricTohoku/Bluecheese-fdroid
com.mschlauch.comfortreader	mschlauch/comfortreader
com.mshdabiola.ludo.foss	mshdabiola/NaijaLudo
com.mshdabiola.playnotepad.foss	mshdabiola/NotePad
com.mskd.flux	the-mskd-dev/Flux
com.mua.unmukto	maifeeulasad/unmukto
com.mubarak.mbcompass	MubarakNative/MBCompass
com.musheer360.swiftslate	Musheer360/SwiftSlate
com.mushotoku.app	tomfrischmuth/mushotoku
com.musicremover.app	Ignema/youtube-music-remover
com.muslimtechnet.lanelexicon	GibreelAbdullah/LaneLexicon
com.mustafaali.sensorssandbox	mustafa01ali/SensorsSandbox
com.mustupid.pitch_pipe	yuanyelele/mustupid_pitch_pipe
com.my.kizzy	dead8309/Kizzy
com.myAllVideoBrowser	alexch33/super-video-downloader
com.myclosetx	bahaaTuffaha/Project-ClosetArchive
com.myfinancemate	Dave-1/MyFinanceMate
com.mystro256.autooffbluetooth	Mystro256/autooffbluetooth
com.mzhang.cleantimer	mzhang/cleanTimer
com.nagopy.android.aplin	75py/Aplin
com.nahnah.florid	Nandanrmenon/florid
com.nathanatos.Cuppa	ncosgray/cuppa_mobile
com.nathaniel.motus.cavevin	NathanielMotus/Cavevin
com.nathaniel.motus.umlclasseditor	NathanielMotus/UmlClassEditor
com.nazmar.dicegainz	ramzan/dicegainz
com.nbossard.packlist	nbossard/packlist
com.nemesis.droidcrypt	umutcamliyurt/DroidCrypt
com.nemesis.mocktraffic	umutcamliyurt/MockTraffic
com.nerdoftheherd.tasker.rsync	ribbons/TaskerRsync
com.nesbox.tic	nesbox/TIC-80
com.netvor.settings.database.provider	gamemn02/Settings-Database-Provider
com.networkscanner.app	usamaiqb/network-scanner
com.neumorphic.calculator	belelaritra/Neumorphic_Calculator
com.nevar.nzik.foss	N-Zik-Group/N-Zik
com.nevidimka655.astracrypt	gromif/AstraCrypt
com.newoether.agora	newo-ether/Agora
com.newsblur	samuelclay/NewsBlur
com.nextcloud.android.beta	nextcloud/android
com.nextcloud.client	nextcloud/android
com.nextcloud.talk2	nextcloud/talk-android
com.nextgis.mobile	nextgis/android_gisapp
com.neyhard.hamstudy	TheRob-N/hamstudy-android
com.nfcalarmclock	gabeg805/NFC-Alarm-Clock
com.nfcarchiver.banana_split	mezinster/banana_split
com.nfcarchiver.nfc_archiver	mezinster/nfcarchiver
com.nickspatties.timeclock	NicksPatties/timeclock
com.nicktylah.gnucash_mobile	nicktylah/gnucash-mobile
com.nicobrailo.pianoli	nicolasbrailo/PianOli
com.nicolasbrailo.vlcfreemote	nicolasbrailo/VlcFreemote
com.nicue.onetwo	ndleyton/OneTwo
com.nighthawkapps.wallet.android	nighthawk-apps/nighthawk-android-wallet
com.nikhil.yt	nikhilvishwakarma00/Velune
com.nikhilsi.gitavani	nikhilsi/gitavani
com.nikola.jakshic.dagger	nikolajakshic/dagger
com.nima.demomusix	NimaKhajehpour/DemoMusix
com.nima.guessthatpokemon	NimaKhajehpour/GuessThatPokemon
com.nima.mymood	NimaKhajehpour/MyMood
com.nima.openbooksdownloader	NimaKhajehpour/OpenBooksDownloader
com.nima.socketchat	NimaKhajehpour/SocketChat
com.nima.taskmanager	NimaKhajehpour/TaskManager
com.nima.triviaapp	NimaKhajehpour/TriviaApp
com.nima.wikianime	NimaKhajehpour/WikiAnime
com.nishantboro.splititeasy	nishant-boro/split-it-easy-android
com.nitish.privacyindicator	NitishGadangi/Privacy-Indicator-App
com.nizarmah.igatha	igatha/flare-gun
com.nkls.nekovideo	FellipitoPV/NekoVideo
com.nltechno.dolidroidpro	DoliCloud/dolidroid
com.noaisu.loliSnatcher	NO-ob/LoliSnatcher_Droid
com.none.tom.exiferaser	Tommy-Geenexus/exif-eraser
com.nononsenseapps.feeder	spacecowboy/Feeder
com.nononsenseapps.feeder.play	spacecowboy/Feeder
com.nononsenseapps.notepad	spacecowboy/NotePad
com.noprestige.kanaquiz	theblackwidower/KanaQuiz
com.nospeak.app	psic4t/nospeak
com.nostros	KoalaSat/nostros
com.notcvnt.rknhardering	xtclovver/RKNHardering
com.notecryptpro	RyuzakiKK/NoteCrypt
com.nothingsecure	cuadratico/NowiVault
com.noto	alialbaali/Noto
com.noty.app	usamaiqb/noty
com.novadial.phone	dhilipmpms/NovaDial
com.nowichat	cuadratico/NowiChat
com.nowipass	cuadratico/NowiPass
com.noxplay.noxplayer	lovegaoshi/azusa-player-mobile
com.npes87184.s2tdroid.donate	npes87184/S2TDroid
com.npes87184.screenshottile	npes87184/ScreenShareTile
com.nudev.sharchive	githubcatw/Sharchive
com.numguesser.tonio_rpchp.numberguesser	Reepeecheep/NumberGuesser
com.nunosempere.distributioncalculator	NunoSempere/distribution-calculator-android
com.nvllz.piggsy	nvllz/piggsy
com.nvllz.stepsy	nvllz/stepsy
com.nyx.custom_uploader	SrS2225a/custom_uploader
com.nyxkn.meditation	nyxkn/meditation
com.oF2pks.jquarks	iotY/android_packages_apps_Jelly
com.octbit.rutmath	przemarbor/RUTMath
com.octo4a	feelfreelinux/octo4a
com.odnovolov.forgetmenot	tema6120/ForgetMeNot
com.odysee.floss	OdyseeTeam/odysee-android
com.ofalvai.habittracker	ofalvai/HabitBuilder
com.offlinecurrencyconverter.app	DavidNeurieder/offline-currency-converter
com.oksigenia.oksigenia_sos	OksigeniaSL/oksigenia-sos
com.olaf.rereminder	ProfessorQuantumUniverse/reReminder
com.oliverszabo.tcrbdetector	OliverZolSza/T-CrB-Detector
com.om1cael.hidroly	om1cael/hidroly
com.omaawr.tuisku	omaawr/tuisku
com.omardotdev.lumi	omaawr/lumi
com.omelan.cofi	rozPierog/Cofi
com.omgodse.notally	OmGodse/Notally
com.ominous.batterynotification	TylerWilliamson/BatteryNotification
com.ominous.quickweather	TylerWilliamson/QuickWeather
com.onefishtwo.bbqtimer	1fish2/BBQTimer
com.onekeepassmobile	OneKeePass/mobile
com.onemoresecret	stud0709/OneMoreSecret
com.onyx.darie.calin.gentleglowonyxboox	calin-darie/gentle-glow-onyx-boox
com.open.simplesongfinder	UpAllNite-Software/simple-song-collector
com.open_usos	OpenUSOS/OpenUSOS
com.openapps.fintrack	Dozzeyy/FinTrack
com.openappslabs.coffee	OpenAppsLabs/Coffee
com.openappslabs.fiveg	OpenAppsLabs/5G
com.openappslabs.jotter	OpenAppsLabs/Jotter
com.opencamera_sensors.app	prime-slam/OpenCamera-Sensors
com.openear.www	ShacharHarshuv/open-ear
com.opengps.altlocationservices	vayun-mathur/Alternative-Location-Services
com.opennotes	Fandroid745/Open-notes
com.openpi.spellingwizard	Open-pi/spellingwizard
com.openrec	StellarSand/OpenRec
com.opensource.i2pradio	deutsia/deutsia-radio
com.openstablediffusion	Jokimax/OpenStableDiffusion
com.oppzippy.openscq30	Oppzippy/OpenSCQ30
com.orgzlyrevived	orgzly-revived/orgzly-android-revived
com.orik.airdotsdoubletap	kerero/airdots-double-tap
com.oriondev.moneywallet	AndreAle94/moneywallet
com.oryanmat.trellowidget	oryanm/TrelloWidget
com.osfans.trime	osfans/trime
com.otpextractor.secureotp	26JATIN/SecureOTP
com.otraku.app	lotusprey/otraku
com.outerworldapps.wairtonow	mrieker/WairToNow
com.owncloud.android	owncloud/android
com.paddlesandbugs.dahdidahdit	matthiasjordan/dahdidahdit
com.page.bizzle	8izzle/page
com.palliser.nztides	jevonlongdell/nztides
com.paperknife.app	potatameister/PaperKnife
com.paperknifeplus.app	potatameister/PaperKnifePlus
com.paranoid.privacylock	hardalgorithm/ParanoidsPal-PrivacyLock
com.parishod.watomatic	adeekshith/watomatic
com.parseus.codecinfo	Parseus/codecinfo
com.particlesdevs.photoncamera	eszdman/PhotonCamera
com.password.monitor	StellarSand/Password-Monitor
com.patch4code.logline	Patch4Code/Logline
com.paultirk.yatoo	powerpaul17/yatoo
com.pavelsof.wormhole	pavelsof/mobile-wormhole
com.pavlenko.Habo	xpavle00/Habo
com.pcapdroid.mitm	emanuele-f/PCAPdroid-mitm
com.pcinpact	AnaelMobilia/NextINpact-Unofficial
com.pdb82.flashlighttiramisu	polodarb/Flashlight-Tiramisu
com.peaceray.codeword	Peace-Ray/Code-Word
com.pearlnode	vandah/pearlnode
com.pedronveloso.a11ybutton	pedronveloso/a11y-button-launcher-android
com.pennywiseai.tracker	sarim2000/pennywiseai-tracker
com.pep1lo.bakerspercentagecalculator	alvaromrod/Bakers-percentage-calculator
com.perflyst.twire	twireapp/Twire
com.perol.asdpl.play.pixivez.libre	ultranity/Pix-EzViewer
com.perol.pixez	Notsfsssf/pixez-flutter
com.personx.cryptx	PersonX-46/CryptX
com.pg_axis.ytcnv	PGAxis/YTCnv
com.pgpmailer	bjoernch/pgpmailer
com.pgpony.android	norsehorse-dev/PGPonyAndroid
com.ph.nabla_typemath	ray-pH/Nabla-TypeMath-android
com.phikal.regex	phikal/ReGeX
com.philkes.notallyx	Crustack/NotallyX
com.philolog.hoplitekeyboard	jeremymarch/HoplitePolytonicKeyboardAndroid
com.phnem.vetro	Phnem/Vetro
com.phoebesoftware.xrooster	PhoebeSoftware/xrooster
com.phonepvr.friends	phonepvr/friends
com.photo.openzinkbooth	oliexdev/openZinkBooth
com.phpbg.easysync	phpbg/easysync
com.phstudio.darktheme	phstudio2/Darktheme
com.phstudio.freetv	phstudio2/FreeTV
com.physphil.android.unitconverterultimate	physphil/UnitConverterUltimate
com.piapps.flashcardpro	azizkayumov/flashcard-maker-android
com.picross.nonocross	jaredforrest/nonocross
com.pilcrowmd	pilcrowmd/pilcrow
com.pilot51.voicenotify	pilot51/voicenotify
com.pindroid	maxpower47/PinDroid
com.piwigo.piwigo_ng	Piwigo/piwigo-flutter-app
com.pixel.gallery	BKK31/pixel-gallery
com.pixelarry.itinerary_planner	sanandmv7/itinerary_planner
com.pixelpen.whereitwent.stable	PIXEL-PEN/Where-It-Went
com.planes.android	xxxcucus/planes
com.pluscubed.am2geo.foss	pluscubed/am2geo
com.pocket_plan.j7_003	RayLeaf-Studios/PocketPlan
com.podverse.fdroid	podverse/podverse-fdroid
com.podxboq.yahora	podxboq/yahora
com.polar.mirror	Andrewerr/Mirror
com.polar.nextcloudservices	Andrewerr/NextcloudServices
com.polonio.duwave	POL0i/DuWave
com.polyalerts	privanindivan/polyalerts
com.popovicialinc.gama	palincat/gama
com.poppingmoon.aria	poppingmoon/aria
com.porter.tvremote	Legvan/tv-remote
com.portscanner.superredstone	Superredstone/Port-Scanner
com.poupa.vinylmusicplayer	VinylMusicPlayer/VinylMusicPlayer
com.powerdino.splatoon3_companion	ThePowerdinoDeluxe990/Octo8
com.powerje.nyan	powerje/NyanDroid
com.prajwalch.torrentsearch	prajwalch/TorrentSearch
com.prangesoftwaresolutions.audioanchor	flackbash/AudioAnchor
com.pranshulgg.recordmaster	PranshulGG/RecordMaster
com.pranshulgg.weather_master_app	PranshulGG/WeatherMaster
com.prayer_times	Hassan-PS/Mihrab
com.prayertimemuter	omer-faruq-android-apps/prayer-time-muter
com.predidit.kazumi	Predidit/Kazumi
com.presley.fit_book	brandonp2412/FitBook
com.presley.flexify	brandonp2412/Flexify
com.princeappstudio.tic_tac_toe	princesanjivy/tic-tac-toe
com.printnotes.printnotes	RoBoT095/printnotes
com.prinzpiuz.msm	prinzpiuz/MSM
com.privateinternetaccess.android	pia-foss/mobile-android
com.procrastilearn.app	Vladyslav-Soldatenko/ProcrastiLearn
com.prof18.feedflow	prof18/feed-flow
com.professor.zerion	zerionproject/Zerion
com.programminghoch10.AntiBrightnessChange	binarynoise/XposedModulets
com.programminghoch10.RotationControl	binarynoise/XposedModulets
com.punksta.apps.volumecontrol	punksta/volume_control_android
com.puutaro.commandclick	puutaro/CommandClick
com.pyamsoft.tetherfi	pyamsoft/tetherfusenet
com.pyu.koremd	PYU224/koremd
com.qmdeve.authenticator	Rouneant/Qm-Authenticator-for-Android
com.qq7te.totalrecall	qq7te/TotalRecall
com.quaap.audiometer	quaap/AudioMeter
com.quaap.computationaldemonology	quaap/ComputationalDemonology
com.quaap.dodatheexploda	quaap/DodaTheExploda
com.quaap.fishberserker	quaap/SeafoodBerserker
com.quaap.launchtime	quaap/LaunchTime
com.quaap.phonefonefun	quaap/PhoneFoneFun
com.quaap.primary	quaap/Primary
com.quad9.aegis	Quad9DNS/quad9-connect
com.quantum_prof.phantalandwaittimes	ProfessorQuantumUniverse/Phantasialand-Waitingtimes-App
com.quantum_prof.vtscansuite	ProfessorQuantumUniverse/Veto
com.quchen.flashcard	cubei/flashcards
com.quietgrid.app	lendl/quiet-grid
com.quinncasey.paperless_share	qcasey/paperless_share
com.quitter.app	brandonp2412/Quitter
com.quran.labs.androidquran	quran/quran_android
com.quranapp.android	AlfaazPlus/QuranApp
com.r57zone.easynotes	r57zone/EasyNotes
com.rabbitcompany.passky	Rabbit-Company/Passky-Android
com.rafapps.earthviewformuzei	RafhaanShah/Earth-View-Muzei
com.rafapps.simplenotes	RafhaanShah/Simple-Notes
com.ragheb.neumorphic_calculator	mllrr96/Neumorphic-Calculator
com.raival.compose.file.explorer	Raival-e/Prism-File-Explorer
com.rajmani7584.payloaddumper	rajmani7584/Payload-Dumper-Android
com.rama.mako	rama-io/mako
com.rama.teyin	rama-io/teyin
com.rama.tui	rama-io/tui
com.rama.txori	rama-io/txori
com.ranger.blastoff	Ranger-NF/BlastOff
com.rareventure.gps2	redfish64/TinyTravelTracker
com.rascarlo.adaptive.brightness.tile	rascarlo/AdaptiveBrightnessTile
com.rascarlo.aurdroid	rascarlo/AURdroid
com.rascarlo.power.button.tile	rascarlo/PowerButtonTile
com.rastislavkish.vscan	RastislavKish/VScan
com.razeeman.util.simpletimetracker	Razeeman/Android-SimpleTimeTracker
com.razielo.boutscoring	RazielO/BoutScoring
com.rbn.qtsettings	RBN-Apps/Quick-Tile-Settings
com.readrops.app	readrops/Readrops
com.readwide.manager	k1717/Readwide
com.redblaster.hsl.main	w32blaster/helsinki-timetables
com.redcoracle.episodes	red-coracle/episodes
com.reddnek.syncplay	yuroyami/syncplay-mobile
com.redtrigger	zampierilucas/RedTrigger
com.reecedunn.espeak	espeak-ng/espeak-ng
com.relaypony.android	norsehorse-dev/RelayPonyAndroid
com.reloado.auth	refda/reloado_auth
com.reminimalism.materialslivewallpaper	Reminimalism/MaterialsLiveWallpaper
com.remotephone	dpk404/remote-phone
com.rendox.grocerygenius	DanielRendox/GroceryGenius
com.rendox.routinetracker	DanielRendox/RoutineTracker
com.resonance.music	AlanHuang99/resonance
com.resurrect.flac_r	resurrectdev1/flac-r
com.resurrect.grove	resurrectdev1/grove
com.resurrect.lrc_r	resurrectdev1/lrc-r
com.resurrection.blowtorch2	Taracair/BlowTorch2
com.reteclock	rubidus-api/reteclock_apk
com.retekey	rubidus-api/retekey_apk
com.retroarch	libretro/RetroArch
com.revold1985.secureqrshare	Revold1985/secureqrshare
com.rfidresearchgroup.rfidtools	RfidResearchGroup/RFIDtools
com.rhythmcache.payloaddumper	rhythmcache/payload-dumper-gui
com.richardluo.globalIconPack	RichardLuo0/global-icon-pack-android
com.ridgebotics.ridgescout	team4388/RidgeScout
com.rifsxd.processhook	rifsxd/process-hook
com.ripster.sossoldi	RIP-Comm/sossoldi
com.ritesh.cashiro	ritesh-kanwar/Cashiro
com.rk.taskmanager	RohitKushvaha01/TaskManager
com.rk.terminal	RohitKushvaha01/ReTerminal
com.rk.xededitor	Xed-Editor/Xed-Editor
com.rld.justlisten.android	RLD-JL/Just-Listen
com.robertmengual.open_pros_cons	Tobertet/open-pros-cons
com.robertmengual.toberquizz	Tobertet/ToberQuizz
com.robinroy.martial_body	BloodBlinker/martial-body
com.robosats	RoboSats/robosats
com.rogeriodocarmo.miroji	RogerioDoCarmo/mirror_app
com.roguetemple.hyperroid	zenorogue/hyperrogue
com.rohankhayech.choona	rohankhayech/Choona
com.rohit2810.spotit	chaudharirohit2810/SpotIT
com.rohitsuratekar.NCBSinfo	NCBSinfo/NCBSinfo
com.rootminusone8004.bazarnote	rootminusone8004/Bazarnote
com.roozbehzarei.filester	roozbehzarei/filester
com.rosan.dhizuku	iamr0s/Dhizuku
com.rouf.freeview	roufsyed/FreeView
com.rouf.saht	roufsyed/Sehat
com.roufsyed.onekey	roufsyed/1Key
com.roundsalmon4.appverifier	RoundSalmon4/AppVerifierBG
com.roysolberg.android.developertools	roys/java-android-developertools
com.rtbishop.look4sat	rt-bishop/Look4Sat
com.rtneg.foxappmemo	soraiyu/foxappmemo
com.rtneg.kyuubimask	soraiyu/KyuubiMask
com.ruesga.android.wallpapers.photophase	jruesga/PhotoPhase
com.ruesga.rview	jruesga/rview
com.ruizlenato.karabau	ruizlenato/Karabau
com.rve.rvkernelmanager	Rve27/RvKernel-Manager
com.rve.systemmonitor	Rve27/RvSystem-Monitor
com.s4nj1th.pocket_dhamma	s4nj1th/pocket-dhamma
com.saad2134.dosezy	saad2134/dosezy
com.saad_khan_rind.atmosphere_effect	saad-khan-rind/nosatmosphereeffect
com.saadibra.graymatter	saad-ibra/gray-matter
com.sadellie.unitto	sadellie/unitto
com.safrone.trackexploder	Safrone/track-exploder
com.saggitt.omega	NeoApplications/Neo-Launcher
com.sagiadinos.garlic.player	sagiadinos/garlic-player
com.saha.batchuninstaller	sarbajitsaha/Batch-Uninstaller
com.sahej.snow	sahej-dev/Snow
com.saiga.find.messagefinder	saiga006/message-finder
com.saiho.togglelineageprofiles	saiho/ToggleLineageProfiles
com.saionji.mysensor	saiinc/MySensorAirData
com.sakethh.jetspacer	sakethpathike/JetSpacer
com.sakethh.linkora	LinkoraApp/Linkora
com.sakethh.otic	sakethpathike/Otic
com.sal.privacykit.lite	Mohithash/privacy-kit-lite
com.samarthdesai.repeatme	SamarthDesai01/RepeatMe
com.samco.trackandgraph	SamAmco/track-and-graph
com.samebits.beacon.locator	vitas/beaconloc
com.samleatherdale.openwith.floss	SamLeatherdale/OpenLinkWith
com.samueljhuf.upnp_explorer	huffSamuel/upnp_explorer
com.samyak.iptvminepro	samyak2403/IPTVMine-Pro
com.samyak.repostore	samyak2403/RepoStore
com.sanskritbasics	sanskritbscs/letters
com.sanskritbasics.memory	sanskritbscs/memory
com.sanzoghenzo.markdownr	sanzoghenzo/markdownr
com.sapuseven.untis	SapuSeven/BetterUntis
com.sarangem.zenwell	sarangem/zenwell
com.saulhdev.neofeed	NeoApplications/Neo-Feed
com.saverio.pdfviewer	Sav22999/sav-pdf-viewer-pro
com.saverio.wordoftheday_en	Sav22999/word-of-the-day
com.sbv.linkdroid	Dacid99/LinkDroid-for-Linkwarden
com.scalepractice	aburdiss/ScalePractice
com.schwegelbin.openbible	SchweGELBin/OpenBible2
com.sdcardstoryteller	fparrel/SDCardStoryTeller
com.seafile.seadroid2	haiwen/seadroid
com.searchlauncher.app	ontola/searchlauncher
com.sebiai.glyphport	SebiAi/GlyphPort
com.secluso.mobile	secluso/mobile_app
com.securescreen.app	adikul1023/SecureScreen
com.secuso.privacyFriendlyCodeScanner	SecUSo/privacy-friendly-qr-scanner
com.secuso.torchlight2	SecUSo/privacy-friendly-torchlight
com.seeker.seekprivacy	duckniii/SeekPrivacy
com.seiko.keystoreviewer	qdsfdhvh/KeyStoreViewer
com.sentaroh.android.SMBSync2	Sentaroh/SMBSync2
com.sergenious.mediabrowser	sergenious/MediaBrowserAndroid
com.series.anlight	neophtex/An-Light-Flashlight
com.serranoie.app.minus	isaacsa51/Minus
com.servoz.appsdisabler	aceventura82/AppsDisabler
com.serwylo.babybook	babydots/babybook
com.serwylo.babydots	babydots/babydots
com.serwylo.babyphone	babydots/babyphone
com.serwylo.beatgame	beat-game/beat-game
com.serwylo.lexica	lexica/lexica
com.serwylo.retrowars	retrowars/retrowars
com.sesu8642.infusion_timer	Sesu8642/InfusionTimer
com.shalenmathew.movieflix	shalenMathew/MovieFlix_App
com.shalenmathew.quotesapp	shalenMathew/Quotes-app
com.shapeshed.aerial	shapeshed/aerial
com.shapeshed.kiosk	shapeshed/kiosk
com.shatteredpixel.shatteredpixeldungeon	00-Evan/shattered-pixel-dungeon
com.shayan.firewall	shynoiddev/FireWall-Blocks
com.shezik.drawanywhere	shezik/DrawAnywhere
com.shifthackz.aisdv1.app.foss	ShiftHackZ/Stable-Diffusion-Android
com.shinydiscoballsdev.kifossk	ShinyDiscoBallsDev/kiFOSSk
com.shiyunjin.easycontrolnext.app	shiyunjin/EasyControlNext
com.shortendesign.k9keyboard	danielshorten/k9t9
com.shpak.quicktimer	ashpakouski/QuickTimer
com.shub39.dharmik.online	shub39/Dharmik
com.shub39.grit	shub39/Grit
com.shub39.rush	shub39/Rush
com.shubhang.loophole	shubhang-d/loophole
com.shuyu.gsygithub.gsygithubappflutter	CarGuo/gsy_github_app_flutter
com.siddarthkay.syncup	siddarthkay/syncup
com.sidhant.arrowescape	sidhant947/ArrowEscape
com.sidhant.blockblast	sidhant947/BlockBlast
com.sidhant.bubbleshooter	sidhant947/BubbleShooter
com.sidhant.einsteinriddle	sidhant947/Einstein-Riddle
com.sidhant.huesort	sidhant947/HueSort
com.sidhant.huespill	sidhant947/HueSpill
com.sidhant.learnmath	sidhant947/LearnMath
com.sidhant.mahjong	sidhant947/Mahjong
com.sidhant.match3	sidhant947/Match3
com.sidhant.matrixpuzzle	sidhant947/Matrix-Puzzle
com.sidhant.nonogram	sidhant947/Nonogram
com.sidhant.path	sidhant947/Path
com.sidhant.puzzle	sidhant947/puzzle
com.sidhant.queens	sidhant947/queens
com.sidhant.screwjam	sidhant947/ScrewJam
com.sidhant.triplematch	sidhant947/TripleMatch
com.sidhant.wallet	sidhant947/wallet
com.sidhant.watersort	sidhant947/water-sort
com.signalsense.app	adithya-creation/SignalSense
com.sigseg.android.worldmap	johnnylambada/WorldMap
com.simon.harmonichackernews	SimonHalvdansson/Harmonic-HN
com.simonimal.minimalcurconv	simone-05/currency-converter-app
com.simonramstedt.yoke	rmst/yoke-android
com.simpledecredwidget	raedahgroup/simple-decred-widget
com.simplemobiletools.flashlight	SimpleMobileTools/Simple-Flashlight
com.simplemobiletools.thankyou	SimpleMobileTools/Simple-Thank-You
com.simplexray.an	lhear/SimpleXray
com.simplytranslate_mobile	ManeraKai/simplytranslate_mobile
com.simpol.permissionssummary	SimpolCo/Permissions-Summary
com.sinxn.mydiary	sinan-q/My_Diary
com.sjapps.jsonlist	SJ14Apps/JsonList
com.sjj.echo.umsinterface	outofmemo/UMS-Interface
com.skyd.anivu	SkyD666/PodAura
com.slate.launcher	roufsyed/Slate-Minimal-Launcher
com.slavabarkov.tidy	slavabarkov/tidy
com.sleepguard	OlafDrechsler/SleepGuard
com.sleistikow.roamingborders	sleistikow/RoamingBorders
com.sleroy.transmissionic	6c65726f79/Transmissionic
com.smartfind.app	ErinyLTD/SmartFindApp
com.smartpack.busyboxinstaller	SmartPack/BusyBox-Installer
com.smartpack.kernelmanager	SmartPack/SmartPack-Kernel-Manager
com.smartpack.kernelprofiler	SmartPack/KernelProfiler
com.smartpack.packagemanager	SmartPack/PackageManager
com.smlnskgmail.jaman.hashchecker.thirdparty	hash-checker/hash-checker
com.smokingtracker	bodyaant/SmokingYou
com.smoothie.monetcolors	Smooth-E/monet-color-previewer
com.smoothie.wirelessDebuggingSwitch	Smooth-E/wireless-adb-switch
com.smorgasbork.hotdeath	jpriebe/hotdeath
com.smouldering_durtles.wk	jerryhcooke/smouldering_durtles
com.socks5	44114/socks5
com.softcodingforyou.touchtorch	SoftcodingForYou/touchtorch
com.sosauce.cutecalc	sosauce/Vanilla
com.sosauce.cutemusic	sosauce/Chocola
com.soul_99.suIMD	soul-99/SU_IMD
com.soumikshah.investmenttracker	soumikshah/Plutus-InvestmentTracker
com.spencerpages	anwilli5/coin-collection-android-US
com.spisoft.quicknote	CarnetApp/CarnetFdroid
com.spix.app.foss	LuckyTheCookie/FitTrack
com.sponsorcut	Guy-Steiff/SponsorCut
com.sshborg	payne1982/sshborg
com.ssrlive.ssrdroid	ShadowsocksR-Live/ssrDroid
com.standardnotes	standardnotes/app
com.stario.launcher	albu-razvan/Stario
com.starry.greenstash	Pool-Of-Tears/GreenStash
com.starry.myne	Pool-Of-Tears/Myne
com.stealthcotper.networktools	stealthcopter/AndroidNetworkTools
com.steamserverbrowser.app	surf5726/SteamServerBrowserAndroid
com.steel101.musicplayer	steel101/music-player-
com.steel101.wearsyncforbreezy	steel101/Wear-Sync-for-Breezy
com.stefansundin.sshremote	stefansundin/SSHRemote
com.stonegate.tsacdop	tsacdop/tsacdop
com.stopptanz.app	Dehalion/stopptanz
com.stoptheballs	MetatransApps/Android_APK_2DBalloons
com.stratumauth.app	stratumauth/app
com.strawing.fuckdevicepolicy	liyafe1997/FuckDevicePolicy
com.streak.app	InlitX/streak
com.streamatico.polymarketviewer	streamatico/PolymarketViewer
com.streamplayer.app	codejq/live-player
com.streetwriters.notesnook	streetwriters/notesnook
com.studio4plus.homerplayer	msimonides/homerplayer
com.studio4plus.homerplayer2	msimonides/homerplayer2
com.stypox.mastercom_workbook	Stypox/mastercom-workbook
com.subtracks	austinried/subtracks
com.suchbyte.macrodeck	Macro-Deck-App/Macro-Deck-Client
com.sunilpaulmathew.debloater	sunilpaulmathew/De-Bloater
com.sunilpaulmathew.snotz	sunilpaulmathew/sNotz
com.sunilpaulmathew.translator	sunilpaulmathew/Translator
com.sunstep.travel.foss	sunstep/dawarich-community
com.supernova.networkswitch	aunchagaonkar/NetworkSwitch
com.superproductivity.superproductivity	johannesjo/super-productivity
com.surfaceocean.nexttraceroute	nxtrace/NextTraceroute
com.svenjacobs.app.leon	svenjacobs/leon
com.swap.app	Mobinshahidi/swap
com.sweak.qralarm	sweakpl/qralarm-android
com.sweak.unlockmaster	sweakpl/unlock-master
com.swordfish.lemuroid	Swordfish90/Lemuroid
com.symeonchen.wakeupscreen	riko2chen/WakeUpScreen
com.szchoiceway.aios.bridge	tabletradio/altlauncher
com.sztorm.notecalendar	Sztorm/NoteCalendar
com.tachibana.downloader	TachibanaGeneralLaboratories/download-navi
com.tacticmaster	jazzm0/tactic-master
com.taffo.lockscreenear	EmanueleDeSantis/LockscreenEar
com.tailgunnerx.frameextractor	tailgunnerx/FrameExtractor
com.tailgunnerx.piccollage	tailgunnerx/PicCollage-Android
com.tailscale.ipn	tailscale/tailscale-android
com.takasu.motivational_app.direct	GiovanniDrago/motivationalApp
com.tallydigital.oomdroid	JamesSmartCell/android-1oom
com.talsk.amadz	msusman1/Amadz
com.tananaev.calculator	tananaev/calculator-notification
com.tananaev.logcat	tananaev/rootless-logcat
com.tananaev.passportreader	tananaev/passport-reader
com.taotao.healthtracker	zengtao227/health-tracker-app
com.tasomaniac.openwith.floss	tasomaniac/OpenLinkWith
com.tawhid.webcapture	tawhidmonowar/WebCapture
com.team242.robozzle	lostmsu/RoboZZle-Droid
com.tech.estudiatai	Naritsumi/EstudiaTAI-app
com.technicjelle.simple_audio_converter	TechnicJelle/SimpleAudioConverter
com.techtrest.privamatic	techtrest/privamatic
com.tengu.sharetoclipboard	tengusw/share_to_clipboard
com.tensorfoo.milkha	tensorfoo/milkha
com.terminator.app	8dmusichannels-star/terminator
com.termux	termux/termux-app
com.termux.api	termux/termux-api
com.termux.boot	termux/termux-boot
com.termux.gui	termux/termux-gui
com.termux.nix	nix-community/nix-on-droid
com.termux.styling	termux/termux-styling
com.termux.tasker	termux/termux-tasker
com.termux.widget	termux/termux-widget
com.termux.window	termux/termux-float
com.tharunbirla.fetchit	tharunbirla/FetchIt
com.tharunbirla.gestureflow	tharunbirla/GestureFlow
com.tharunbirla.intruderselfie	tharunbirla/IntruderSelfie
com.tharunbirla.librecuts	tharunbirla/LibreCuts
com.thatsmanmeet.taskyapp	thatsmanmeet/Tasky
com.theissenmatthias.mindfulness_reminder	thssnm/mindfulness-reminder
com.theissenmatthias.remind_me	thssnm/remind-me
com.therealbluepandabear.pixapencil	therealbluepandabear/PixaPencil_Classic
com.theripper.cb_app	printpagestopdf/cb_app
com.theripper.slowmail	printpagestopdf/slow_mail
com.thermatk.android.xf.fakegapps	thermatk/FakeGApps
com.thesis.yokatta	uestueab/app-thesis
com.theskillapp.skillapp	Jaimies/SkillApp
com.thesuncat.sudoku	TheSunCat/Sudoku
com.thibaudperso.sonycamera	ThibaudM/timelapse-sony
com.thinkdifferent.anywebview	neoblackxt/AnyWebView
com.thirtydegreesray.openhub	ThirtyDegreesRay/OpenHub
com.thirtytwo.steps	nulldio/32steps
com.thirumalai.calllimiter	Thiru-Malai/CallLimiter
com.thomaskuenneth.tkweek	tkuenneth/TKWeek
com.tht.k3pler	orhun/k3pler
com.tideo.autobrightness	faded-penguin021/Tideo-Auto-Brightness
com.tiefensuche.motionmate	0xf4b1/motionmate
com.tiefensuche.soundcrowd	soundcrowd/soundcrowd
com.tiendnm.zukulock	tiendnm/zukulock
com.timebinding.manhoodofhumanity	c22qE/ManhoodOfHumanity
com.timenotclocks.bookcase	fenimore/badreads
com.tinnamchoi.tmtlauncher	tinnamchoi/tmtLauncher
com.tistory.deque.previewmaker	5seunghoon/PreviewMaker
com.tjEnterprises.phase10Counter	etwasmitbaum/Phase10Counter
com.tk.quicksearch	teja2495/quick-search
com.tkton.wallet	kazei92/TkTonWallet
com.tmdev.fasttimes	tom-murphy-development/FastTimes
com.todobom.opennotescanner	allgood/OpenNoteScanner
com.tokyoxpa3.androidproxy	tokyoxpa3/5G-Proxy-Pro
com.tomatodev.timerdroid	hoffimar/timerdroid
com.tombursch.kitchenowl	TomBursch/kitchenowl
com.tomclaw.appsend	solkin/appteka-android
com.tomer.dbz.widget	rosenpin/DBZ-Battery-Widget
com.tomer.draw	rosenpin/QuickDrawEverywhere
com.tomer.poke.notifier	rosenpin/More-For-GO
com.tomfong.simpleqr	tomfong/simple-qr
com.tommihirvonen.exifnotes	tommi1hirvonen/ExifNotes
com.topjohnwu.magisk	topjohnwu/Magisk
com.tortel.syslog	Tortel/SysLog
com.tortillum.signalid	Neosama/SignalID
com.towerillusion.abdal	towerillusionii/Abstract-Dots-and-Lines
com.trapplab.nfc_radio	trapplab/NFC-Radio
com.trapplab.update_checker	trapplab/update-checker
com.traseapps.simplestNotes	Trase1/SimplestNotes-app
com.trianguloy.adnihilation	TrianguloY/Adnihilation
com.trianguloy.clipboardeditor	TrianguloY/SimpleClipboardEditor
com.trianguloy.continuousDataUsage	TrianguloY/Average-data-usage-widget
com.trianguloy.isUserAMonkey	TrianguloY/isUserAMonkey
com.trianguloy.numericriddlegenerator	TrianguloY/NumericRiddleGenerator
com.trianguloy.urlchecker	TrianguloY/UrlChecker
com.tripperdee.salmontracker	jtripppiie/salmon-tracker
com.tristinbaker.defide	tristinbaker/DeFide
com.tristinbaker.idlefantasy	tristinbaker/IdleFantasy
com.trisven.safenotes	keshav-space/safenotes
com.truchsess.send2car	ntruchsess/send2car
com.trudido.app	dominikmuellr/trudido
com.truemlgpro.wifiinfo	TrueMLGPro/Wi-Fi_Info
com.trustdevice.android.demo	trustdecision/trustdevice-android
com.tserumula.dbcleanerforwhatsapp	tserumula/DbCleanerforWhatsapp
com.tughi.aggregator	tughi/aggregator-android
com.tuhin.cash_compass	tuhinpal/cash_compass
com.tunefriend.app	tunefriend/tunefriend
com.tunerly	brianhorn/Tunerly
com.tuntori.mightieramp	tuntorius/mightier_amp
com.turtlepaw.nearby_settings	Turtlepaw/nearby_settings
com.tushar.voidplayer	TUSHAR91316/Void-Player
com.tutpro.baresip	juha-h/baresip-studio
com.tutpro.baresip.plus	juha-h/baresip-studio
com.tuyafeng.orientationlock	tuyafeng/OrientationLock
com.tuyafeng.watt	tuyafeng/Watt
com.tw.clipshare	thevindu-w/clip_share_client
com.twoeightnine.root.xvii	TwoEightNine/XVII
com.tymwitko.recents	tymwitko/Recents
com.typeassist.app	estiaksoyeb/TypeAssist
com.ubergeek42.WeechatAndroid	ubergeek42/weechat-android
com.uc.caffeine	ohuc/CaffeineHealth
com.uli.bokyfivavahana2	ulightm111/boky-fivavahana-ion
com.ulicae.cinelog	Alcidauk/CineLog
com.umut.irischat	umutcamliyurt/IrisChat
com.unciv.app	yairm210/Unciv
com.unicornsonlsd.finamp	finamp-app/finamp
com.unitstool	ThiBsc/UnitsTool
com.unmark.app	EmreO33/unmark
com.upbad.apps.autonotify	zehuanli/AutoNotify
com.uragiristereo.pldt2s	uragiristereo/Pixel_Launcher_Double_Tap_to_Sleep
com.uragiristereo.reversepixelify	uragiristereo/Reverse_Pixelify
com.uravgcode.chooser	UrAvgCode/Chooser
com.urbandroid.dontkillmyapp	urbandroid-team/dontkillmy-app
com.urik.keyboard	urikdev/Urik
com.utazukin.ichaival	Utazukin/Ichaival
com.utyf.pmetro	Utyff/pMetro
com.vadhod.apkextractor	pgxor/com.vadhod.apkextractor
com.vadimfrolov.duorem	fralik/Duorem
com.vagujhelyigergely.calculatorm3	gergelyvagujhelyi/CalculatorM3
com.vaishnavmandlik.librestatus	vaishnav-mandlik/LibreStatus
com.vakarux.instadownload	Orang-Studio/InstaDownload
com.valhalla.thor	trinadhthatakula/Thor
com.varuns2002.disable_flag_secure	VarunS2002/Xposed-Disable-FLAG_SECURE
com.vaudibert.canidrive	VincentAudibert/CanIDrive
com.vauth.salty	vauth/salty-app
com.vayun.files	vayun-mathur/Omni-Files
com.vayunmathur.astronomy	vayun-mathur/Modern-Apps
com.vayunmathur.calendar	vayun-mathur/Modern-Apps
com.vayunmathur.camera	vayun-mathur/Modern-Apps
com.vayunmathur.clock	vayun-mathur/Modern-Apps
com.vayunmathur.contacts	vayun-mathur/Modern-Apps
com.vayunmathur.email	vayun-mathur/Modern-Apps
com.vayunmathur.findfamily	vayun-mathur/Modern-Apps
com.vayunmathur.games.alchemist	vayun-mathur/Modern-Apps
com.vayunmathur.games.chess	vayun-mathur/Modern-Apps
com.vayunmathur.games.pipes	vayun-mathur/Modern-Apps
com.vayunmathur.games.solitaire	vayun-mathur/Modern-Apps
com.vayunmathur.games.unblockjam	vayun-mathur/Modern-Apps
com.vayunmathur.games.wordmaker	vayun-mathur/Modern-Apps
com.vayunmathur.health	vayun-mathur/Modern-Apps
com.vayunmathur.music	vayun-mathur/Modern-Apps
com.vayunmathur.notes	vayun-mathur/Modern-Apps
com.vayunmathur.office	vayun-mathur/Modern-Apps
com.vayunmathur.openassistant	vayun-mathur/Modern-Apps
com.vayunmathur.passwords	vayun-mathur/Modern-Apps
com.vayunmathur.pdf	vayun-mathur/Modern-Apps
com.vayunmathur.photos	vayun-mathur/Modern-Apps
com.vayunmathur.weather	vayun-mathur/Modern-Apps
com.vayunmathur.youpipe	vayun-mathur/Modern-Apps
com.ventoid.app	GPLaider/Ventoid
com.vermont.possin	Vermont-Secure-Computing/lucky-cat-terminal
com.versobit.weatherdoge.foss	VersoBit/WeatherDoge
com.vicolo.chrono	vicolo-dev/chrono
com.victorb.androidnetworkscanner	marie-bnl/android-ip-scanner
com.viktorholk.apipushnotifications	viktorholk/push-notifications-api
com.vincent_falzon.discreetlauncher	falzonv/discreet-launcher
com.vincentengelsoftware.vesandroidimagecompare	VincentEngel/VES-Image-Compare
com.vinithreddybanda.whatsapstatus	vinithreddybanda/WhatsapStatusSaver
com.vipedev.kords2	vipe1375/Kords
com.viper.simplert	robinpaulson/SimpleRT
com.virtual_pen	androidvirtualpen/virtualpen
com.viscouspot.gitsync	ViscousPot/GitSync
com.vishal2376.gitcoach	vishal2376/git-coach
com.vishal2376.scrollblock	vishal2376/scroll-block
com.vishal2376.snaptick	vishal2376/snaptick
com.vishaltelangre.nerdcalci	vishaltelangre/NerdCalci
com.vishnu.remindme	VishnuSanal/RemindMe
com.vishnu.whatsappcleaner	VishnuSanal/WhatsAppCleaner
com.vishnuraghav.EnRecipes	vishnuraghavb/EnRecipes
com.vitorpamplona.amethyst	vitorpamplona/amethyst
com.vivi.vivimusic	vivizzz007/vivi-music
com.vlad805.fmradio	vladislav805/RFM-Radio
com.vladpen.cams	vladpen/cams
com.vladrip.drgassistant	vladrip/drgassistant
com.voklen.daily_diary	Voklen/Daily-Diary
com.vovagorodok.ble_ota_app	vovagorodok/ble_ota_app
com.vovagorodok.blichess	vovagorodok/blichess
com.vovagorodok.blidraughts	vovagorodok/blidraughts
com.voyagerfiles	AlanHuang99/Voyager
com.vpnhood.client.android.web	vpnhood/VpnHood
com.vrem.wifianalyzer	VREMSoftwareDevelopment/WifiAnalyzer
com.vsmartcard.acardemulator	frankmorgner/vsmartcard
com.vsmartcard.remotesmartcardreader.app	frankmorgner/vsmartcard
com.vulnerabbity.geoperion	vulnerabbity/Geoperion
com.w2sv.filenavigator	w2sv/FileNavigator
com.w2sv.wifiwidget	w2sv/WiFi-Widget
com.wa2c.android.cifsdocumentsprovider	wa2c/cifs-documents-provider
com.wagebit.app	luv453/WageBit
com.waist.line	davidhealey/waistline
com.wangjinli.carvita	JeziL/carvita
com.wardellbagby.lyricistant	wardellbagby/lyricistant
com.wasimaster.wmkeyboard	wasi-master/wmkeyboard
com.watea.radio_upnp	watea/RadioUpnp
com.wbpxre150.shoppinglist	wbpxre150/android-shoppinglist
com.wbpxre150.unjumbleapp	wbpxre150/unjumble
com.wchung.qrshare	mrwm/QRshare
com.werdeil.lyriondashboard	werdeil/lyrion-dashboard
com.wesaphzt.privatelock	wesaphzt/privatelock
com.whatever.verifit	MakisChristou/verifit
com.whitedavidp.unistroke_keyboard	whitedavidp/android-unistroke-keyboard
com.willamesjr.fivetlog	Willames-Jr/fivetone_log
com.willbsp.habits	willbsp/habits
com.willchan.simple_random_stock	WillWcchan/Simple-Random-Stock
com.willie.mancala	Willie169/mancala-android
com.windscribe.vpn	Windscribe/Android-App
com.wire	wireapp/wire-android
com.wirelessalien.android.bhagavadgita	WirelessAlien/BhagavadGitaApp
com.wirelessalien.android.moviedb	WirelessAlien/MovieDB
com.wirelessalien.zipxtract	WirelessAlien/ZipXtract
com.wkovacs64.mtorch	wKovacs64/mTorch
com.wmstein.tourcount	wistein/TourCount
com.wmstein.transektcount	wistein/TransektCount
com.woefe.shoppinglist	woefe/ShoppingList
com.wordpress.brunoloff.meditationtimer	bloff/meditation-timer
com.wordtracer.app	plhosk/wordtracer
com.workingagenda.democracydroid	fenimore/DemocracyDroid
com.workingagenda.devinettes	fenimore/devinettes-android
com.wqar.quran_mem_helper	Waqar144/quran_memorization_helper
com.wrbattlesim	terminator-ger/wrsim
com.wrmndfzzy.atomize	wrmndfzzy/Atomize
com.wuxialearn.wuxialearn	wuxialearn/wuxialearn
com.xargsgrep.portknocker	xargsgrep/PortKnocker
com.xayah.databackup.foss	XayahSuSuSu/Android-DataBackup
com.xenris.liquidwarsos	xenris/liquid-wars-android
com.xfarrow.locatemydevice	ferrum/locatemydevice
com.xinto.mauth	X1nto/Mauth
com.xlzhen.sharefileserver	xlzhen-940218/ShareFileServer
com.xmission.trevin.android.notes	Typraeurion/Android-NotePad
com.xmission.trevin.android.tangram	Typraeurion/Android-Tangram
com.xmission.trevin.android.todo	Typraeurion/Android-ToDo
com.xmrchat.xmrpod	XMRChat/XMRPod
com.xnotes	shardulvs/xnotes-android
com.xperia64.timidityae	xperia64/timidity-ae
com.xtreak.notificationdictionary	tirkarthi/NotificationDictionary
com.xvzan.simplemoneytracker	xvzan/SimpleMoneyTracker
com.xxxx.parcel	shareven/parcel
com.xyz.relativity.kineticespeedometer	xyz-relativity/KinetiE-Speedometer
com.yacgroup.yacguide	yacgroup/yacguide
com.yacgroup.yacguide.dev	yacgroup/yacguide
com.yahyaoui.prayermode	prayermode/prayermode
com.yangdai.opennote	YangDai2003/OpenNote-Compose
com.yash.xpenc	PATILYASHH/XPENC
com.yassineabou.clock	yassineAbou/Clock
com.yassirh.digitalocean	yassirh/digital-ocean-swimmer
com.yeapguy.volumescroll	YeapGuy/VolumeScroll
com.yepgoryo.CaptureCap	yepgoryo/CaptureCap
com.yepgoryo.EggReturnsHome	yepgoryo/EggReturnsHome
com.yhc.phantom.processes.savior	dttzyjw0012/PhantomProcessesSavior
com.yogeshpaliyal.deepr	yogeshpaliyal/Deepr
com.yogeshpaliyal.keypass	yogeshpaliyal/KeyPass
com.yosefario.nclientv3	yosefario-dev/NClientV3
com.yoshi.rain	darkmoonight/Rain
com.yoshi.todark	darkmoonight/Zest
com.yourname.pdftoolkit	Karna14314/Pdf_Tools
com.yubico.yubioath	Yubico/yubioath-flutter
com.zacharee1.systemuituner	zacharee/Tweaker
com.zaneschepke.wireguardautotunnel	wgtunnel/android
com.zappbrannigan34.runnnpebridge	zappbrannigan34/ruNNNpe-bridge
com.zarathustra.mnemosyne	aptaabye/Mnemosyne
com.zavedahmad.yaHabit	zaved707/Yet-Another-Habit-Tracker
com.zem.pwswatcher	GiorgioBertolotti/PWSWatcher
com.zengtao.fortunetelling	zengtao227/Fortune-telling
com.zfdang.touchhelper	zfdang/Android-Touch-Helper
com.zfdang.zsmth_android	zfdang/zSMTH-Android
com.zhangke.fread	0xZhangKe/Fread
com.ziadoua.zcalc	ziadOUA/zCalc
com.zionhuang.music	z-huang/InnerTune
com.zoffcc.applications.avifview	zoff99/libavif-android
com.zoffcc.applications.tofshare	zoff99/ToFShare
com.zoffcc.applications.toloshare	zoff99/ToLoShare
com.zoffcc.applications.trifa	zoff99/ToxAndroidRefImpl
com.zoffcc.applications.undereat	zoff99/UnderEat
com.zola.bmi	zikalify/BMI_Calculator
com.zorinos.zorin_connect	ZorinOS/zorin-connect-android
com.zs.android.apps.photos	googol-apps/Gallery
com.ztftrue.music	ZTFtrue/MonsterMusic
com.zulipmobile	zulip/zulip-flutter
com.zygisk_enc.RecorderX	snap24/RecorderX
com.zygisk_enc.notivault	snap24/notification-vault
com.zygisk_enc.volumeX	snap24/volumeX
community.fairphone.checkup	WeAreFairphone/FP2-Checkup
compress.joshattic.us	JoshAtticus/Compressor
corewala.gemini.buran	Corewala/Buran
cos.premy.mines	stastnypremysl/Mines3D
cu.axel.smartdock	axel358/smartdock
cube.run	Eve-146T/cube-run
cx.vmx.sdcontacts	vmx/sdcontacts
cxa.gridwallpaper	ghisguth/sunlight
cxa.lineswallpaper	ghisguth/sunlight
cyou.sk5s.app.countdate	sk5s/countdateapp
cyou.sk5s.app.weread	sk5s/weread
cz.antecky.netswitch	tantecky/android
cz.jancejka.spayddecoder	Cuchulain/spayd-decoder-android
cz.lastaapps.menza	Lastaapps/menza
cz.martykan.forecastie	martykan/forecastie
cz.martykan.webtube	martykan/webTube
cz.mendelu.xmarik.train_manager	kmzbrnoI/hJOPandroidDriver
cz.mod42.diktafon	jaromiru/diktafon
cz.slaby.dpc	jakubslaby09/dpc
cz.vitSkalicky.klavesnice	vitSkalicky/klavesnice
d.d.meshenger	meshenger-app/meshenger-android
day.vitayuzu.neodb	heddxh/NeoDB-You
de.andicodes.vergissnix	andipabst/vergiss-nix
de.androvdr	grmpl/androvdr
de.antonarnold.android.xoverrideheadphonejackdetection	anton-arnold/xoverrideheadphonejackdetection
de.astubenbord.paperless_mobile	astubenbord/paperless-mobile
de.badaix.snapcast	badaix/snapcast
de.benibela.videlibri	benibela/videlibri
de.binary_kitchen.doorlock_app	binary-kitchen/doorlock-app
de.binarynoise.AutomaticAdvancedSettingsExpander	binarynoise/XposedModulets
de.binarynoise.betterBluetoothDeviceSort	binarynoise/XposedModulets
de.binarynoise.betterVerboseWiFiLogging	binarynoise/XposedModulets
de.binarynoise.freeNotifications	binarynoise/XposedModulets
de.blau.android	MarcusWolschon/osmeditor4android
de.blinkt.openvpn	schwabe/ics-openvpn
de.blocklink.pigrid	blocklink-it/pigrid-companion-app
de.bulling.barcodebuddyscanner	Forceu/barcodebuddy-android
de.buttercookie.disabletargetapiblock	buttercookie42/DisableTargetAPIBlock
de.buttercookie.simbadroid	buttercookie42/SimbaDroid
de.buttercookie.units	buttercookie42/Units
de.c3nav.droid	c3nav/c3nav-android
de.chadenas.cpudefense	ochadenas/cpudefense
de.christinecoenen.code.zapp	mediathekview/zapp
de.cineaste.android	spacepandas/cineaste-android
de.circle_dev.flux_news	KevinCFechtel/FluxNews
de.com.quaap.primary	ailin-nemui/Primary
de.csicar.mensaplan	csicar/MensaPlan
de.csicar.ning	csicar/Ning
de.cweiske.headphoneindicator	cweiske/headphoneindicator
de.cyb3rko.pincredible	cyb3rko/pincredible
de.cyberit.wasgeht	cyberbeat/wasgeht-android
de.danoeh.antennapod	AntennaPod/AntennaPod
de.davis.passwordmanager	OffRange/KeyGo
de.dbauer.expensetracker	DennisBauer/RecurringExpenseTracker
de.deftk.openww.android	deftkHD/OpenWebWeaver-Android
de.democracydeutschland.app	demokratie-live/democracy-client
de.devmil.muzei.bingimageofthedayartsource	devmil/muzei-bingimageoftheday
de.devmil.paperlaunch	devmil/PaperLaunch
de.dlyt.yanndroid.notinotes	Yanndroid/NotiNotes
de.dm1ri.totalog	hallogallo/totalog
de.doen1el.calibreWebCompanion	doen1el/calibre-web-companion
de.dotwee.micropinner	dotWee/MicroPinner
de.duenndns.gmdice	ge0rg/gamemasterdice
de.eindm.boum	henniaufmrenni/boum
de.eknoes.inofficialgolem	eknoes/golem-android-reader
de.eric_scheibler.tactileclock	scheibler/TactileClock
de.ericz.worldclockv2	EricZeller/flutter-world-clock-v2
de.example.fahrraddiebstahl_berlin	RHeimb/berlin-bike-theft-warning
de.fampopprol.dhbwhorb	Joinsider/dhbw
de.felixnuesse.disky	newhinton/disky
de.felixnuesse.extract	newhinton/Round-Sync
de.felixnuesse.timedsilence	newhinton/Timed-Silence
de.fff.ccgt	pterodactylus42/ccgt
de.freehamburger	livodeu/FreeHamburger
de.georgsieber.ballbreak	schorschii/ballBreak-Android
de.georgsieber.customerdb	schorschii/CustomerDB-Android
de.goraran.astroclock	GorArania/AstroClockApp
de.grobox.blitzmail	grote/BlitzMail
de.grobox.liberario	grote/Transportr
de.hampager.dapnetmobile	DecentralizedAmateurPagingNetwork/DAPNETApp
de.hauke_stieler.geonotes	hauke96/geonotes
de.herk.kfza	HerkDev/KFZ-A
de.herrmann_engel.rbv	jonathanherrmannengel/vocabapp
de.hexenwoche.audiolex	bois1616/audiolex
de.hirtenstrasse.michael.lnkshortener	michaelachmann/LnkShortener
de.hosenhasser.funktrainer	meyerd/funktrainer
de.huepping.wortmuehle	bhuepping/wortmuehle
de.idiomreplacex.browser_app	idiomReplaceX/IdiomReplaceX-app
de.indie42.guessiron	mobeil1/GuessIron
de.j4velin.wifiAutoOff	j4velin/WiFi-Automatic
de.jepfa.bdt	jenspfahl/BDT
de.jepfa.hyle_x	jenspfahl/hylex
de.jepfa.personaltasklogger	jenspfahl/EverydayTasks
de.jepfa.yapm	jenspfahl/ANOTHERpass
de.jkliemann.parkendd	jklmnn/ParkenDD
de.jonasbernard.tudarmstadtmoodlewrapper	JonasBernard/TU-Darmstadt-Moodle-Wrapper
de.jrpie.android.launcher	jrpie/Launcher
de.jurihock.voicesmith	jurihock/voicesmith
de.k3b.android.calef	k3b/CalEF
de.k3b.android.camerafolder	k3b/CameraFolder
de.k3b.android.geo2articlesmap	k3b/AndroidGeo2ArticlesMap
de.k3b.android.intentintercept	k3b/intent-intercept
de.k3b.android.locationMapViewer	k3b/locationMapViewer
de.k3b.android.lossless_jpg_crop	k3b/LosslessJpgCrop
de.k4ever.k4android	freitagsrunde/k4ever-android
de.kaiserdragon.callforwardingstatus	Kaiserdragon2/CallForwarding
de.kaiserdragon.iconrequest	Kaiserdragon2/IconRequest
de.kaiserdragon.weathershortcut	Kaiserdragon2/WeatherShortcut
de.keplerchemnitz.kepler_app	AntonioAlbt/kepler_app
de.killi199.timetracking	killi199/time-tracking
de.kitshn.android	aimok04/kitshn
de.klimek.compass	Tetr4/CompassTile
de.koelle.christian.trickytripper	koelleChristian/trickytripper
de.ktran.anno1404warenrechner	tran-khoa/ANNO1404-Warenrechner-App
de.kvaesitso.icons	daywalk3r666/Kvaesitso-Icons
de.leverbursche.meinegleitzeitapp	leverbursche/meine-gleitzeit
de.lihotzki.pixelflood	lukaslihotzki/pixelflood
de.live.gdev.cherrymusic	gsantner/cherrymusic-android
de.live.gdev.timetracker	gsantner/kimai-android
de.lolhens.resticui	lhns/restic-android
de.lolo.lolotrans	immerzu/LoloTrans
de.lolo.rssreader	immerzu/lolo-rssreader-android
de.ltheinrich.etopa	ltheinrich/etopa
de.luhmer.owncloudnewsreader	nextcloud/news-android
de.lukasneugebauer.nextcloudcookbook	lneugebauer/nextcloud-cookbook
de.lukaspieper.gcam.services	lukaspieper/Gcam-Services-Provider
de.lukaspieper.truvark	lukaspieper/Truvark
de.maniac103.squeezeclient	maniac103/squeezeclient
de.marionoll.wgautoconnect	MarioNoll/WG-Auto-Connect
de.markusfisch.android.binaryeye	markusfisch/BinaryEye
de.markusfisch.android.libra	markusfisch/Libra
de.markusfisch.android.pielauncher	markusfisch/PieLauncher
de.markusfisch.android.screentime	markusfisch/ScreenTime
de.markusfisch.android.shadereditor	markusfisch/ShaderEditor
de.markusfisch.android.wavelines	markusfisch/WaveLinesWallpaper
de.marmaro.krt.ffupdater	Tobi823/ffupdater
de.mathema.privacyblur	MATHEMA-GmbH/privacyblur
de.mathfactory.mooltifill	mathfactory/mooltifill-android
de.melvil.noten	MelvilQ/noten-lernen
de.michelinside.glucodatahandler	pachi81/GlucoDataHandler
de.mm20.launcher2.release	MM2-0/Kvaesitso
de.moekadu.metronome	thetwom/toc2
de.monde_diplomatique.android.app.free	die-tageszeitung/taz-neo
de.moroway.oc	MOROway/moroway-app-oc
de.morzo.realmscore	BastianSetter/realmscore
de.msal.muzei.nationalgeographic	sal0max/muzei-nationalgeographic
de.msdevs.einschlafhilfe	DonMarv00/DieDreiFragezeichenEinschlafhilfe
de.mw136.tonuino	marc136/tonuino-nfc-tools
de.mwarning.memento	mwarning/Memento
de.mwvb.blockpuzzle	SoltauFintel/blockpuzzle
de.mymiggi.simpleday	MiggiV2/SimpleDay
de.mysportsmate.officebreak	Drumm3r/office-break
de.nellessen.usercontrolleddecryptionoperations	eriknellessen/user-controlled-decryption-operations
de.neuwirthinformatik.alexander.archerystats	APN-Pucky/ArcheryStats
de.neuwirthinformatik.alexander.mtuo	APN-Pucky/mTUO
de.niendo.ImapNotes3	niendo1/ImapNotes3
de.nilsfo.lsn	NilsFo/LockScreenNotes
de.nodomain.tobihille.seniorlauncher	tobihille/SeniorLauncher
de.nproth.pin	nproth/pin
de.nucleus.foss_warn	nucleus-ffm/foss_warn
de.obsp.hostlookup	devkamiki/hostlookup
de.oeffisounds.app	thrillfall/OeffiSounds
de.ph1b.audiobook	PaulWoitaschek/Voice
de.phasenrauscher.bicyweather	phasenrauscher/Bicyweather
de.php_tech.piggybudget	pmiddend/piggybudget
de.piratentools.spickerrr	Piraten-Tools/spickerrr
de.pskiwi.avrremote	pskiwi/avr-remote
de.ptrlx.oneshot	ptrLx/OneShot
de.qso.again	dl9sau/qso-again
de.qspool.clementineremote	clementine-player/Android-Remote
de.quaddyservices.dynamicnightlight	quaddy-services/DynamicNightLight
de.quantumphysique.trale	QuantumPhysique/trale
de.radiozeit.freiesradio.fdroid	mixdtv/freies-radio-app
de.rampro.activitydiary	ramack/ActivityDiary
de.readeckapp	jensomato/ReadeckApp
de.reimardoeffinger.quickdic	rdoeffinger/Dictionary
de.rochefort.childmonitor	enguerrand/child-monitor
de.rwth_aachen.phyphox	phyphox/phyphox-android
de.salomax.currencies	sal0max/currencies
de.salomax.muzei.thevergewallpapers	sal0max/muzei-thevergewallpapers
de.saschahlusiak.freebloks	shlusiak/Freebloks-Android
de.schliweb.bluesharpbendingapp	egdels/bluesharpbendingapp
de.schliweb.makeacopy	egdels/makeacopy
de.schliweb.sambalite	egdels/SambaLite
de.seemoo.at_tracking_detection	seemoo-lab/AirGuard
de.sesu8642.feudaltactics	Sesu8642/FeudalTactics
de.simon.dankelmann.bluetoothlespam	simondankelmann/Bluetooth-LE-Spam
de.singular.crystalball	mkay/CrystalBall
de.singular.looper	mkay/RubberRing
de.singular.recorder	mkay/TitleTrack
de.sirjofri.fingerlist	sirjofri/fingerlist
de.smasi.tickmate	lordi/tickmate
de.spiritcroc.modular_remote	SpiritCroc/Modular-Remote
de.spiritcroc.riotx	SchildiChat/SchildiChat-android
de.spiritcroc.syncsettings	SpiritCroc/SyncSettings
de.srlabs.snoopsnitch	srlabs/snoopsnitch
de.stefan_oltmann.kaesekaestchen	StefanOltmann/Kaesekaestchen
de.stephanlindauer.criticalmaps	CriticalMaps/criticalmaps-android
de.sudoq	timo-a/SudoQ
de.synyx.android.meetingroom	synyx/MeeRoo
de.syss.MifareClassicTool	ikarus23/MifareClassicTool
de.szalkowski.activitylauncher	butzist/ActivityLauncher
de.t_dankworth.secscanqr	Fr4gorSoftware/SecScanQR
de.tap.easy_xkcd	tom-anders/Easy_xkcd
de.taz.android.app.free	die-tageszeitung/taz-neo
de.telefongarten.brainjogging	fkropfhamer/brainjogging
de.theiling.neatlauncher	moehriegitt/NeatLauncher
de.themorpheus.morphcook	TheMorpheus407/morphcook-refined
de.tnmgl.ntodotxt	tmaegel/ntodotxt
de.tobiasbielefeld.searchbar	TobiasBielefeld/Simple-Search
de.tobiasbielefeld.solitaire	TobiasBielefeld/Simple-Solitaire
de.toshsoft.tsvnc	lowtraxx/TSVNC
de.tu_chemnitz.etit.sse.openstop	OPENER-next/OpenStop
de.tu_darmstadt.seemoo.HardWhere	seemoo-lab/Hardwhere
de.tu_darmstadt.seemoo.nfcgate	nfcgate/nfcgate
de.tuberlin.mcc.simra.app	simra-project/simra-android
de.tutao.calendar	tutao/tutanota
de.tutao.tutanota	tutao/tutanota
de.uni_potsdam.hpi.openmensa	domoritz/open-mensa-android
de.uwepost.android.deltacam	upost/DeltaCamera
de.varengold.activeTAN	varengold/activeTAN-Android
de.viatorus.neo2externalkeyboard	Viatorus/neo2-external-keyboard
de.visorapp.visor	kloener/visor-android
de.volksverpetzer.app	Volksverpetzer/vvp_app
de.wellenvogel.bonjourbrowser	wellenvogel/BonjourBrowser
de.westnordost.luftlinie	westnordost/Luftlinie
de.westnordost.streetcomplete	streetcomplete/StreetComplete
de.westnordost.streetcomplete.expert	Helium314/SCEE
de.westnordost.streetmeasure	streetcomplete/StreetMeasure
de.wger.flutter	wger-project/flutter
de.yaacc	tobexyz/yaacc-code
de.yazo_games.mensaguthaben	jakobwenzel/MensaGuthaben
de.yukigasai.obsidiantodowidget	YukiGasai/obsidian-todo-widget
de.z11.roboyard	Eastcoast-Laboratories/Roboyard
deckers.thibault.aves	deckerst/aves
deckers.thibault.aves.libre	deckerst/aves
deltazero.amarok.foss	deltazefiro/Amarok-Hider
design.codeux.authpass.fdroid	authpass/authpass
dev.abhaycloud.fdtracker	Abhay-cloud/Fixed-Deposit-Tracker
dev.abhi.photon	abhi16180/photon
dev.acamol.qbit	Acamol/Captain-qBit
dev.agnosticapollo.xlogcatmanager	agnostic-apollo/XLogcatManager
dev.alexjyong.babbypaint	alexjyong/BabbyPaint
dev.anilbeesetti.nextplayer	anilbeesetti/nextplayer
dev.animeshvarma.sigil	Animesh-Varma/Sigil
dev.appstract.iconpack	yangchoo/Appstract
dev.argus	JackRushante/argus
dev.arnv.bluke	arnav-kr/Bluke
dev.arthurcose.languagedex	arthurcose/language-dex
dev.astoris.ursa	greyfoundry/ursa-android
dev.atajan.lingva_android	yaxarat/lingvaandroid
dev.aungkyawpaing.ccdroidx	vincent-paing/CCDroidX
dev.bartuzen.qbitcontroller	Bartuzen/qBitController
dev.bikram.filepipe.gh	bikram-agarwal/FilePipe
dev.bikram.obtainx	bikram-agarwal/ObtainX
dev.bikram.remember.gh	bikram-agarwal/Remember
dev.brgr.outspoke	minburg/outspoke
dev.byzero.counter	EinfachRuwen/Counter
dev.casraf.pantry	chenasraf/pantry-flutter
dev.chuk.betterbahn	chuk-development/Besser-Bahn
dev.chungjungsoo.gptmobile	Taewan-P/gpt_mobile
dev.cipher.notes	CipherApps/cipher-notes
dev.clombardo.dnsnet	t895/DNSNet
dev.co508.soundboard	508-dev/soundboard
dev.cognitivity.chronal	cognitivitydev/Chronal
dev.corruptedark.diditakemymeds	CorruptedArk/did-i-take-my-meds
dev.corruptedark.openchaoschess	CorruptedArk/open-chaos-chess
dev.daika.davy	AsfhtgkDavid/davy
dev.danielc.fujiapp	petabyt/fudge-legacy-android
dev.danjackson.noisecancel	danielgjackson/noisecancel
dev.danjackson.speaker	danielgjackson/speaker
dev.davidv.motionsickness	DavidVentura/motion-sickness-app
dev.davidv.translator	DavidVentura/offline-translator
dev.debene.gopher	felipedbene/deburrow
dev.dettmer.simplenotes	inventory69/simple-notes-sync
dev.develsinthedetails.eatpoopyoucat	JamesOsborn-SE/eat-poop-you-cat-android
dev.digitalgrease.signet	digital-grease/signet
dev.dimension.flare	DimensionDev/Flare
dev.easonhuang.heartwood	GuyOnWifi/heartwood
dev.elbullazul.linkguardian	Elbullazul/LinkGuardian
dev.encgallery	Wolf-Project777/wolf-gallery
dev.entropy	Cris1099/entropy
dev.fabik.bluetoothhid	Fabi019/hid-barcode-scanner
dev.fiedri.vibe	fiedri/vibe-player
dev.gpxit.app	7FM/GPXIT
dev.halim.shelfdroid	100nandoo/shelfdroid
dev.henriquecouto.calsync	henriquecouto/calendar-sync
dev.imranr.obtainium	ImranR98/Obtainium
dev.imranr.obtainium.fdroid	ImranR98/Obtainium
dev.inkcast.aos	andrew-malitchuk/inkcast-kmp
dev.itsvic.parceltracker	itsvic-dev/Parcel
dev.j7126.who_goes_first	j7126/who_goes_first
dev.jahidhasanco.bmicalculator	JahidHasanCO/BMI-Calculator
dev.jaimin.auraorbit	JaiminPatel345/AuraOrbit
dev.jdtech.jellyfin	jarnedemeulemeester/findroid
dev.kerballone.spamblocker	KerballOne/SpamBlocker-Extended
dev.khoj.pitaka.fdroid	PLFIndia/pitak-x
dev.labplus.app	thelooter/labplus_for_gitlab
dev.ldev.gpsicon	Limizin/GpsIcon
dev.leonlatsch.photok	leonlatsch/Photok
dev.lexip.hecate	xLexip/Adaptive-Theme
dev.librenotes.app	Piliii/LibreNotes
dev.linwood.butterfly	LinwoodDev/Butterfly
dev.linwood.butterfly.nightly	LinwoodDev/Butterfly
dev.linwood.flow.nightly	LinwoodDev/Flow
dev.lojcs.tsacdop	lojcs/tsacdop
dev.lucanlm.antimine	lucasnlm/antimine-android
dev.mage.age	ElCruncharino/mage
dev.marchello.sharik	marchellodev/sharik
dev.mariinkys.OpenPillReminder	mariinkys/OpenPillReminder
dev.medzik.librepass.android	LibrePass/LibrePass-Android
dev.micr0.localmathy	micr0-dev/localmathy
dev.mlg.quedalle	MatthieuGrr/quedalle-launcher
dev.mlm.wifi_exporter	mlm-games/wifi-exporter
dev.mlzzen.androidnga	mlzzen/open-nga
dev.msbs.cyclauncher	msbluesnow/Cyclauncher
dev.msfjarvis.claw.android	msfjarvis/compose-lobsters
dev.mslalith.focuslauncher	mslalith/focus_launcher
dev.n4n5.sms2call	Its-Just-Nans/sms2call
dev.nemeyes.ncarousel	myNemy/NCarousel
dev.obfusk.jiten	obfusk/jiten
dev.obfusk.jiten_webview	obfusk/jiten-webview
dev.obfusk.sokobang	obfusk/sokobang
dev.octoshrimpy.quik.fdroid	quik-sms/quik
dev.otaj.zelp	otaj/zelp
dev.otherworld.shoppinglist	otherworld-dev/Shopping-List-Android
dev.patri9ck.a2ln	patri9ck/a2ln-app
dev.patrickgold.florisboard	florisboard/florisboard
dev.patrickgold.florisboard.beta	florisboard/florisboard
dev.pesic.rpncalc	apesic/rpncalc
dev.pgaxis.musicaxs	PGAxis/MusicPlayer
dev.pranav.applock	aload0/AppLock
dev.pranav.reef	aload0/Reef
dev.prathameshkhade.sysadmin	prathameshkhade/SysAdmin
dev.randombits.intervaltimer	randombits-dev/interval-timer
dev.renkinProject.renkin	renkindevbugs/Renkin
dev.robin.flip_2_dnd	robinsrk/flip_2_dnd
dev.robin.privacify	robinsrk/privacify
dev.rova.notes	rovati/noteapp
dev.rubec.otoscope	rbeilvert/otoscope
dev.rx.app2proxy	RiddlerXenon/app2proxy
dev.samyu.compoundcalculator	yudataguy/retirement-compound-interest-calculator
dev.sanmer.pi	SanmerApps/PI
dev.sanskar.photoplay	sanskar10100/PhotoPlay
dev.sasikanth.pinnit	msasikanth/pinnit
dev.sasikanth.rss.reader	msasikanth/twine
dev.scarf.gc	scarf005/gc
dev.sebaubuntu.athena	SebaUbuntu/Athena
dev.secam.simpletag	sergcam/SimpleTag
dev.serge.textlog	Faultless/textlog_flutter
dev.serika.camerasilencer	serika12345/camera-silencer
dev.shadoe.delta	supershadoe/delta
dev.spiegl.flyingcarpet	spieglt/FlyingCarpet
dev.synapsetech.compass	SynapseTech/Compass
dev.thaulow.scrib	stianthaulow/scrib
dev.theolm.wwc	theolm/WhatsAppNoContact
dev.thomasbuilds.spectre	thomasbuilds/Spectre
dev.trindadedev.tooltelegram	trindadedev13/Tool-Telegram
dev.tulis.readbear	Tulis12/ReadBear
dev.uint.qrserv	uintdev/qrserv
dev.ukanth.ufirewall	ukanth/afwall
dev.umfahrer.vocabulary	Umfi/vocabulary-trainer
dev.victorialauncher	adelmonte/victoria-launcher
dev.wceng.sufei	wceng/SuFei
dev.xero.paper	dev-xero/paper-app
dev.xitee.sleeptimer	Xitee1/sleep-timer
dev.yash.keymanager	Yash-Garg/KeyManager
dev.yashgarg.qbit	Yash-Garg/qBittorrent-Manager
dev.zwander.installwithoptions	zacharee/InstallWithOptions
dev.zwander.lemmyredirect	zacharee/MastodonRedirect
dev.zwander.mastodonredirect	zacharee/MastodonRedirect
dev.zwander.peertuberedirect	zacharee/MastodonRedirect
devs.org.calculator	Binondi/Calculator-Hide-Files
digital.ventral.ips	VentralDigital/InterProfileSharing
dk.dustytales.sixshooter	PedePedersen/sixshooter-apk
dk.meznik.jan.encrypttext	JanmanX/EncryptTextApp
dnsfilter.android	IngoZenz/personaldnsfilter
dr.blank.vaani	Dr-Blank/Vaani
ds.pulsar	dsvi/Pulsar
dubrowgn.microtimer	dubrowgn/micro-timer
dubrowgn.wattz	dubrowgn/wattz
duress.keyboard	pofesk0/lastcodeduresskeyboard
duress.keyboard.lite	pofesk0/DuressKeyboardLite
edge.roll	Eve-146T/edge-roll
edu.berkeley.boinc	BOINC/boinc
edu.rit.csh.devin	ComputerScienceHouse/devin
ee.ioc.phon.android.k6neleservice	Kaljurand/K6nele-service
ee.ioc.phon.android.speak	Kaljurand/K6nele
ee.malt.diadem	ccev/diadem
ekklesia.gr	NeaBouli/pnyx
ephemeralwp.safespace	confidenseuide/EphemeralWorkProfile
es.eoinrul.ecwt	eoineoineoin/ecwt
es.hegocre.scorecounter	hegocre/ScoreCounter
es.jjrh.bikeradar	partymola/android-bike-radar-overlay
es.manifold.sidedeck	manueljpy/SideDeck
es.pile	rubenalfon/Pile
es.wolfi.app.passman	nextcloud/passman-android
espero.jiofibatterynotifier	Parveshdhull/Android-JioFi-Battery-Notifier
eth.brume.wallet	brumeproject/wallet
eth.matteljay.mastermindy	Matteljay/mastermindy-android
eu.auct.twitter2nitter	AucT/twitter2nitter
eu.basicairdata.clinometer	BasicAirData/Clinometer
eu.basicairdata.graziano.gpslogger	BasicAirData/GPSLogger
eu.bauerj.paperless_app	bauerj/paperless_app
eu.berdosi.app.heartbeat	berdosi/HeartBeat
eu.chainfire.holeylight	Chainfire/HoleyLight
eu.darken.apl	d4rken-org/airplanes-live-app
eu.darken.bluemusic	d4rken-org/bluemusic
eu.darken.capod	d4rken-org/capod
eu.darken.myperm	d4rken-org/permission-pilot
eu.darken.octi	d4rken-org/octi
eu.darken.sdmse	d4rken-org/sdmaid-se
eu.depau.etchdroid	EtchDroid/EtchDroid
eu.dfdx.jslab	fps/JSlab
eu.domob.heliodos	domob1812/heliodos
eu.domob.panoramicon	domob1812/panoramicon
eu.domob.shopt2	domob1812/shopt2
eu.droogers.smsmatrix	tijder/SmsMatrix
eu.faircode.email	M66B/FairEmail
eu.faircode.netguard	M66B/NetGuard
eu.fliegendewurst.triliumdroid	FliegendeWurst/TriliumDroid
eu.frigo.dispensa	enricofrigo/dispensa
eu.fulldisclosure.android.luks	full-disclosure/android-luks
eu.heili.wormhole	wormhole-app/wormhole
eu.hxreborn.cleanshare	hxreborn/cleanshare
eu.hxreborn.discoveradsfilter	hxreborn/discover-ads-filter
eu.hxreborn.phdp	hxreborn/punch-hole-download-progress
eu.hxreborn.remembermysort	hxreborn/remember-my-sort
eu.hydrologis.smash	geopaparazzi/smash
eu.imouto.hupl	Rouji/Hupl
eu.jonahbauer.qed.fdroid	jbb01/QED
eu.laderchi.ncalc	basile-laderchi/ncalc
eu.laslo_hauschild.your_schedule	Lasslos/EigenPlan
eu.lastviking.app.vgtd	jgaa/VikingGTD
eu.micer.clipboardservice	micer/clipboard-service
eu.mokrzycki.learndigits	foxtrotdev/learn-digits
eu.mrogalski.saidit	mafik/echo
eu.neilalexander.yggdrasil	yggdrasil-network/yggdrasil-android
eu.nemui.ailin.uclock	ailin-nemui/AnalogClockWidget2
eu.opencloud.android	opencloud-eu/android
eu.pkgsoftware.babybuddywidgets	babybuddy/babybuddy-for-android
eu.pretix.pretixprint	pretix/pretixprint-android
eu.pretix.pretixscan.droid	pretix/pretixscan-android
eu.quelltext.coloring	niccokunzmann/coloring-book
eu.quelltext.gita	niccokunzmann/bhagavad-gita-android
eu.quelltext.memory	niccokunzmann/app.memory.quelltext.eu
eu.quelltext.mundraub	niccokunzmann/mundraub-android
eu.rafareborn.biometricbypass	hxreborn/biometric-bypass
eu.raulmorales.kefircontrol	raulmoralesruiz/kefir-control
eu.roggstar.getmitokens	phrogg/GetMiTokens
eu.roggstar.luigithehunter.batterycalibrate	phrogg/BatteryCalibrator
eu.roggstar.luigithehunter.dsaassistent	phrogg/DSAAssistant
eu.ryuu.screeps	keeshii/screeps-client
eu.thedarken.wldonate	d4rken-org/wakelock-revamp
eu.tilk.cdlcplayer	tilk/cdlc_player
eu.veldsoft.brainstonz	VelbazhdSoftwareLLC/BrainstonzForAndroid
eu.veldsoft.broker	VelbazhdSoftwareLLC/Broker-1961-for-Android
eu.veldsoft.colors.overflow	VelbazhdSoftwareLLC/ColorsOverflow
eu.veldsoft.complica4	VelbazhdSoftwareLLC/Complica4
eu.veldsoft.dice.overflow	VelbazhdSoftwareLLC/DiceOverflow
eu.veldsoft.fish.rings	VelbazhdSoftwareLLC/FishRingsForAndroid
eu.veldsoft.free.klondike	VelbazhdSoftwareLLC/FreeKlondike
eu.veldsoft.house.of.cards	VelbazhdSoftwareLLC/HouseOfCards
eu.veldsoft.hungarian.rings	VelbazhdSoftwareLLC/HungarianRingsForAndroid
eu.veldsoft.ithaka.board.game	VelbazhdSoftwareLLC/IthakaBoardGame
eu.veldsoft.kechi	VelbazhdSoftwareLLC/Kechi
eu.veldsoft.no.thanks	VelbazhdSoftwareLLC/No-Thanks-for-Android
eu.veldsoft.politrics	VelbazhdSoftwareLLC/Politrics
eu.veldsoft.scribe4	VelbazhdSoftwareLLC/Scribe4
eu.veldsoft.svarka.odds.calculator	VelbazhdSoftwareLLC/SvarkaOddsCalculator
eu.veldsoft.tri.peaks	VelbazhdSoftwareLLC/TriPeaksSolitaireForAndroid
eu.veldsoft.tuty.fruty.slot	VelbazhdSoftwareLLC/tuty-fruty-slot-for-android
eu.veldsoft.vitosha.blackjack	VelbazhdSoftwareLLC/vitosha-blackjack
eu.veldsoft.vitosha.poker.odds	VelbazhdSoftwareLLC/android-vitosha-poker-odds
eu.veldsoft.vitoshadm	VelbazhdSoftwareLLC/VitoshaDM
eu.webdragon.storygame	PrivacyDragon/StoryGame_Android
eu.weblibre.gecko	FaFre/WebLibre
eu.ziclaud.iremibreathingapp	ZiClaud/Iremi-Breathing-App
eu.zimbelstern.tournant	zimbelstern/Tournant
eve.game.tracker	Eve-146T/eve-game-tracker
evil.spin	Eve-146T/EVILSPIN
exa.lnx.a	EXALAB/AnLinux-Adfree
exe.bbllw8.anemo	2bllw8/anemo
f.cking.software	BLE-Research-Group/MetaRadar
fe.linksheet	LinkSheet/LinkSheet
felixwiemuth.lincal	felixwiemuth/LinCal
felixwiemuth.simplereminder	felixwiemuth/SimpleReminder
fi.kroon.vadret	vadret/android
finance.valet	standardsats/valet
fir.tube	sirdeepsleep/FirTube
flunzmas.seasoncalendar	seasoncalendar/seasoncalendar
fm.helio	helio-fm/helio-sequencer
foehnix.widget	dzmanto/foehnix
foss.chillastro.root.checker.offline	Chill-Astro/FOSS-Root-Checker
foss.cnugteren.nlweer	CNugteren/NLWeer
fr.ac_versailles.dane.xiaexpress	gbarre/xiaExpressAndroid
fr.arnaudguyon.spacevertex	smart-fun/spacevertex
fr.bellev.stdatmosphere	mathbellev/StdAtmosphere
fr.bepo.clavierexterne	anisse/bepo-android
fr.byped.bwarearea	X-Ryl669/BwareArea
fr.corenting.convertisseureurofranc	corenting/InflationCalculator
fr.corenting.traficparis	corenting/ParisTransportTraffic
fr.croustillapp	Toum404/Croustillapp
fr.dogeo.osmgo	DoFabien/OsmGo
fr.duniter.cesium	duniter/cesium
fr.dzx.audiosource	gdzx/audiosource
fr.fdesousa.bikesharinghub	francoisfds/BikeSharingHub
fr.free.nrw.commons	commons-app/apps-android-commons
fr.gaulupeau.apps.InThePoche	wallabag/android-app
fr.geonature.occtax2	PnX-SI/gn_mobile_occtax
fr.guillaumevillena.opendnsupdater	Willena/OpenDNSUpdater
fr.hellpc.mirror	He11PC/android-mirror
fr.hnit.babyname	mdecorde/BabyName
fr.ign.geoportail	IGNF/cartes-ign-app
fr.inria.tyrex.senslogs	tyrex-team/senslogs
fr.luteal.app	JoeriKaiser/luteal
fr.mbruel.ClementineRemote	mbruel/ClementineRemote
fr.mgth.drillpress	mgth/drill-press-assistant-android
fr.nanoy.dinomail_app	nanoy42/dinomail_app
fr.neamar.kiss	Neamar/KISS
fr.netstat.locationindicatorwhitelist	gilbsgilbs/LocationIndicatorWhitelist
fr.nihilus.music	thibseisel/android-odeon
fr.nuage.souvenirs	zorgluf/souvenirs-android
fr.odrevet.bide_et_musique	odrevet/bide_et_musique_flutter
fr.odrevet.fujiten	odrevet/fujiten
fr.odrevet.kingdomino_score_count	odrevet/kingdomino_score
fr.odrevet.youtube_dl_kivy	odrevet/yt-dlp-kivy
fr.onyx.lyon1	onyx-lyon1/onyx
fr.oupson.jxlviewer	oupson/jxlviewer
fr.ralala.hexviewer	Keidan/HexViewer
fr.rhaz.ipfs.sweet	RHazDev/Sweet-IPFS
fr.richoux.lessonsenfrancais	richoux/les_sons_en_francais
fr.ryder.benoit.jmdictdroid	benoitryder/jmdict-droid
fr.s13d.photobackup	PhotoBackup/client-android
fr.s2009.shutapp	S2009-dev/ShutApp
fr.shiningcat.binclockwidget	shining-cat/binary-clock-widget
fr.shiningcat.simplehiit	shining-cat/SimpleHIIT
fr.smarquis.sleeptimer	SimonMarquis/SleepTimer
fr.smarquis.soundquicksettings	SimonMarquis/Android-SoundQuickSettings
fr.twentynine.keepon	twentynine78/KeepOn
fr.unix_experience.owncloud_sms	nerzhul/ncsms-android
fr.witchdoctors.c4ffein.oosfirmwareextractor	c4ffein/OOS-firmware-updater
fr.xgouchet.packageexplorer	xgouchet/Stanley
free.rm.skytube.legacy.oss	SkyTubeTeam/SkyTubeLegacy
free.rm.skytube.oss	SkyTubeTeam/SkyTube
friimaind.piholedroid	friimaind/pi-hole-droid
fuck.location	Xposed-Modules-Repo/fuck.location
futuristicgoo.emotic	FuturisticGoo/emotic
futuristicgoo.squealer	FuturisticGoo/squealer
gal.sli.digalnet	xavier-gz/digalnet
gal.sli.singal	xavier-gz/singal
gallery.memories	pulsejet/memories
garden.lina.oblique_strategies	hobgoblina/oblique-strategies
geddit.buzl.uk	kaangiray26/geddit-app
github.daisukikaffuchino.rebootnya	daisukiKaffuChino/RebootNya
github.daneren2005.dsub	daneren2005/Subsonic
github.paroj.dsub2000	paroj/DSub2000
github.rikodot.kardi_notes	rikodot/kardi_notes_app
github.umer0586.sensorserver	umer0586/SensorServer
gizz.tapes.foss	Ghost-Applications/gizz-tapes
gov.anzong.androidnga	Justwen/NGA-CLIENT-VER-OPEN-SOURCE
granularvolume.com	Rzuss/granular-volume
green_green_avk.anotherterm.redist	green-green-avk/AnotherTerm
green_green_avk.anothertermshellplugin_android10essentials	green-green-avk/AnotherTermShellPlugin-Android10Essentials
grmpl.mk.stepandheightcounter	grmpl/StepandHeightcounter
groomiac.voicemailplayer	Groomiac/voicemailplayer
hans.b.skewy1_0	skewyapp/skewy1-0
hashengineering.darkcoin.wallet	HashEngineeringSolutions/dash-wallet
hashengineering.groestlcoin.wallet	Groestlcoin/groestlcoin-wallet
hashengineering.groestlcoin.wallet_test	Groestlcoin/groestlcoin-wallet
helium314.keyboard	HeliBorg/HeliBoard
helium314.localbackend	Helium314/Local-NLP-Backend
hev.sockstun	heiher/sockstun
hidden.protectedwp.safespace	confidenseuide/HiddenProtectedWorkProfile
hisapkitap.com	manisanameetei7-ux/myhisapkitap
hk.words.wordshk	AlienKevin/wordshk_app
home.wyoming_android_tts.indigane	indigane/wyoming-android-tts
horse.amazin.my.stratum0.statuswidget	Valodim/Stratum0Widget
host.stjin.anonaddy	anonaddy/addy-android
hr.dtakac.prognoza	davidtakac/prognoza
hr.kravarscan.enchantedfortress	subchannel13/EnchantedFortress
hsware.neo	danuo/hstempo-neo
hu.kadatsoft.smsreply	kzolti/sms-reply
hu.vmiklos.plees_tracker	vmiklos/plees-tracker
humer.uvc_camera	Peter-St/Android-UVC-Camera
iaea.nds.nuclides	IAEAOrg/IsotopeBrowser
id.thony.android.quranlite	fathonyfath/quran-lite-android
idv.markkuo.ambitsync	starryalley/AmbitSync
idv.markkuo.cscblebridge	starryalley/CSC_BLE_Bridge
ie.defo.ech_apps	defo-project/defo-ech-apps
ie.delilahsthings.soothingloop	ljmc2000/NoiseLooper
im.axi.axichat	axichat/axichat
im.fdx.v2ex	fan123199/v2ex-simple
im.nfc.nfsee	nfcim/nfsee
im.status.ethereum	status-im/status-mobile
im.vector.app	element-hq/element-android
in.arjsna.permissionchecker	Arjun-sna/android-permission-checker-app
in.basulabs.shakealarmclock	WrichikBasu/ShakeAlarmClock
in.blogspot.anselmbros.torchie	anselm94/Torchie-Android
in.digistorm.aksharam	NyxTrail/aksharam
in.eike.better_stundenplan	LarvenStein/better-stundenplan
in.gururaja.skillrack	Guru-25/SkillTRack
in.hridayan.ashell	DP-Hridayan/aShellYou
in.hridayan.driftly	DP-Hridayan/Driftly
in.hridayan.xmlforge	DP-Hridayan/XMLForge
in.kawaiis.journal	LoliLin/journal-android-multilingual
in.sunilpaulmathew.appvaultx	sunilpaulmathew/AppVaultX
in.sunilpaulmathew.weatherwidget	sunilpaulmathew/Weather
inc.flide.vi8	8VIM/8VIM
inc.whew.android.fakegapps	whew-inc/FakeGApps
indi.dmzz_yyhyy.lightnovelreader	dmzz-yyhyy/LightNovelReader
info.aario.killcamera	aario/killcamera
info.aario.mywifipasswords	aario/MyWifiPasswords
info.altimeter.variometer	igorinov/variometer
info.dvkr.screenstream	dkrivoruchko/ScreenStream
info.guardianproject.pixelknot	guardianproject/PixelKnot
info.guardianproject.ripple	guardianproject/ripple
info.ilyac.pani	Ilya-Muromets/Pani
info.metadude.android.bitsundbaeume.schedule	johnjohndoe/CampFahrplan
info.metadude.android.cccamp.schedule	EventFahrplan/EventFahrplan
info.metadude.android.clt.schedule	johnjohndoe/CampFahrplan
info.metadude.android.congress.schedule	EventFahrplan/EventFahrplan
info.metadude.android.datenspuren.schedule	johnjohndoe/CampFahrplan
info.metadude.android.divoc.schedule	johnjohndoe/CampFahrplan
info.metadude.android.fediday.schedule	johnjohndoe/CampFahrplan
info.metadude.android.fosdem.schedule	johnjohndoe/CampFahrplan
info.metadude.android.foss4g.schedule	johnjohndoe/CampFahrplan
info.metadude.android.fossgis.schedule	johnjohndoe/CampFahrplan
info.metadude.android.froscon.schedule	johnjohndoe/CampFahrplan
info.metadude.android.gpn.schedule	johnjohndoe/CampFahrplan
info.metadude.android.hackover.schedule	johnjohndoe/CampFahrplan
info.metadude.android.hope.schedule	johnjohndoe/CampFahrplan
info.metadude.android.inselchaos.schedule	johnjohndoe/CampFahrplan
info.metadude.android.libreoffice.schedule	johnjohndoe/CampFahrplan
info.metadude.android.mrmcd.schedule	johnjohndoe/CampFahrplan
info.metadude.android.protocolberg.schedule	johnjohndoe/CampFahrplan
info.metadude.android.rc3.schedule	EventFahrplan/EventFahrplan
info.plateaukao.einkbro	plateaukao/einkbro
info.plateaukao.quickrotate	plateaukao/quickrotate
info.schnatterer.nusic	schnatterer/nusic
info.tangential.cone	bradyt/cone
info.varden.hauk	bilde2910/Hauk
info.yuryv.androiddebugmode	digitalby/android-debug-mode
info.zamojski.soft.towercollector	zamojski/TowerCollector
info.zverev.ilya.every_door	Zverik/every_door
ink.hifuu.rusend_next	CGH0S7/remail
io.alcatraz.audiohq	Alcatraz323/audiohq_md2
io.alexrintt.kanade	alexcmgit/kanade
io.anuke.mindustry	Anuken/Mindustry
io.atticusc.atmosweather	atticuscornett/AtmosWeather
io.bloco.snowflake	blocoio/snowflake
io.bmaupin.pitchpipe	bmaupin/android-pitchpipe
io.cardijey.schulrechner	CardiJey/schulrechner
io.codespoof.univpassm	CodeSpoof/uniPass
io.dahliaos.calculator	dahliaOS/calculator
io.dashchan2	andrewpozdnakov7-jpg/Dashchan_2
io.davidar.fabularium	davidar/fabularium
io.element.android.x	element-hq/element-x-android
io.ente.auth	ente-io/ente
io.ente.locker.fdroid	ente-io/ente
io.ente.photos.fdroid	ente-io/ente
io.evcc.android	evcc-io/app
io.freetubeapp.freetube	MarmadileManteater/FreeTubeAndroid
io.github.RealEarthling.epoch	RealNoitasinagro/epoch
io.github.abdurazaaqmohammed.ApkExtractor	AbdurazaaqMohammed/APKExtractor
io.github.acidefluorhydrique.carrot	AcideFluorhydrique/carrot
io.github.acidefluorhydrique.geminiassist	AcideFluorhydrique/geminiAssist
io.github.adithya_jayan.myrepertoirapp.fdroid	Adithya-Jayan/MyRepertoirApp
io.github.aedev.flow	A-EDev/Flow
io.github.aerocyber.sitemarker	aerocyber/sitemarker
io.github.akarimarisa.tumblrdownloader	AkariMarisa/Tumblr-Downloader
io.github.aldrinzigmundv.digilogtv	aldrinzigmundv/digilogtv
io.github.alessioc42.sph	lanis-mobile/lanis
io.github.anrinion.baseline	anrinion/baseline
io.github.auag0.disableaudiofocus	auag0/DisableAudioFocus
io.github.auag0.hidemocklocation	auag0/HideMockLocation
io.github.benderblog.traintime_pda	BenderBlog/traintime_pda
io.github.benji377.timety	Benji377/Timety
io.github.benoitduffez.cupsprint	BenoitDuffez/AndroidCupsPrint
io.github.bommbomm34.latindefense	bommbomm34/latindefense
io.github.buildsbyben.shoppinglistcalc	buildsbyben/shopping-list-calc
io.github.chayanforyou.quickball	chayanforyou/QuickBall
io.github.choganhq.chogan	choganhq/chogan
io.github.chrisimx.scanbridge	Chrisimx/ScanBridge
io.github.codeg0blin.videowallpaper	codeg0blin/video-live-wallpaper
io.github.colemakmods.keyboard_companion	stevep99/keyboard-layout-companion
io.github.colemakmods.mod_dh	ColemakMods/mod-dh
io.github.danxi_dev.dan_xi	DanXi-Dev/DanXi
io.github.datastopwatch	seoulcodingcafe/DataStopwatch
io.github.davidchilin.werewolves_game	davidchilin/werewolves_game
io.github.deprec8.enigmadroid	deprec8/enigmadroid
io.github.dergenaue.brownianparticles	DerGenaue/BrownianParticles
io.github.derweh.bayesianbahn	DerWeh/BayesianBahn
io.github.devhyper.openvideoeditor	devhyper/open-video-editor
io.github.deweyreed.clipboardcleaner	DeweyReed/ClipboardCleaner
io.github.deweyreed.timer.other	timer-machine/timer-machine-android
io.github.divverent.aaaaxy	divVerent/aaaaxy
io.github.dkter.aaaaa	dkter/aaaaa
io.github.dlbeswick.kreuungching	dlbeswick/kreuung-ching
io.github.dmitrytsyvtsyn.algosortinganimations	DmitryTsyvtsyn/AlgoSortingAnimations
io.github.domi04151309.alwayson	Domi04151309/AlwaysOn
io.github.domi04151309.batterytool	Domi04151309/BatteryTool
io.github.domi04151309.home	Domi04151309/HomeApp
io.github.domi04151309.powerapp	Domi04151309/PowerApp
io.github.dorumrr.de1984	dorumrr/de1984
io.github.dorumrr.happytaxes	dorumrr/happytaxes
io.github.dorumrr.privacyflip	dorumrr/privacyflip
io.github.doubi88.slideshowwallpaper	Doubi88/SlideshowWallpaper
io.github.dovecoteescapee.byedpi	dovecoteescapee/ByeDPIAndroid
io.github.drumber.kitsune	Drumber/Kitsune
io.github.ebraminio.bouncy	ebraminio/bouncy
io.github.ephemera42.tapjackingbypass	ephemera42/TapjackingBypass
io.github.eucsoh.android	Tritbool/euc_soh_kotlin
io.github.evokelektrique.tunnelforge	evokelektrique/tunnel-forge
io.github.ewoc2026.ewoc	Ewoc2026/ewoc
io.github.exclude0122.xivpn	Exclude0122/xivpn
io.github.fm_elpac.azi_demo	fm-elpac/azi
io.github.folderlogs	seoulcodingcafe/Folderlogs
io.github.freewatermark.mobileapp	free-watermark/mobile-app
io.github.friesi23.mhabit	FriesI23/mhabit
io.github.fvasco.pinpoi	fvasco/pinpoi
io.github.garemat.lunachron	Garemat/lunachron
io.github.giuig.auraninja	Giuig/auraninja
io.github.giuig.decisioninja	Giuig/decisioninja
io.github.govin9.duenot	Govin9/DueNot
io.github.gracethings.bubblenotice	GraceThings/bubble-notice-android
io.github.gsantner.memetastic	gsantner/memetastic
io.github.hamdav.predikt	hamdav/predikt
io.github.hathibelagal.eidetic	hathibelagal-dev/Eidetic-Memory-Trainer
io.github.hathibelagal.mykanji	hathibelagal-dev/MyKanji
io.github.haykh.zham	haykh/zham
io.github.hddq.restoid	hddq/restoid
io.github.herrerad85.tallybook	herrerad85/tallybook
io.github.hitchclimber.universaltimers	hitchclimber/universaltimers
io.github.hufrea.keysh	hufrea/keysh
io.github.husseinfo.interfast	Husseinfo/interfast
io.github.installalogs	seoulcodingcafe/Installalogs
io.github.ismywebsiteup	seoulcodingcafe/IsMyWebsiteUp
io.github.janbar.osmin	janbar/osmin
io.github.janekbt.Meditate	janekbt/MeditationApp
io.github.jd1378.otphelper	jd1378/otphelper
io.github.jdanders.dropcount	jdanders/dropcount
io.github.jica98	JICA98/DailyAL
io.github.johnathan.minesweeper	john-athan/minesweeper
io.github.jqssun.airplay	jqssun/android-airplay-server
io.github.jqssun.btremote	jqssun/android-bt-remote
io.github.jqssun.displayextend	jqssun/android-display-extend
io.github.jqssun.displaymirror	jqssun/android-display-mirror
io.github.jqssun.gpssetter	jqssun/android-gps-setter
io.github.jqssun.maceditor	jqssun/android-mac-editor
io.github.jrichter24.moldqueen	jrichter24/moldqueen
io.github.juby210.appinfofix	Juby210/AppInfoFix
io.github.juliusd.ueberboese.app	julius-d/ueberboese-app
io.github.karino2.texttl	karino2/TextTL
io.github.keco216.clockwork	keco216/clockwork
io.github.keddnyo.midoze	Keddnyo/MiDoze
io.github.kennethchoinfosec.haven	Kenneth-Cho-InfoSec/Haven
io.github.kitswas.virtualgamepadmobile	kitswas/VirtualGamePad-Mobile
io.github.kkoshin.muse	kkoshin/Muse
io.github.koukobin.ermis.ermismobile	Koukobin/Ermis
io.github.krlvm.powertunnel.android	krlvm/PowerTunnel-Android
io.github.landwarderer.futon	AppFuton/Futon
io.github.legandy.enigmabridge	Legandy/EnigmaBridge
io.github.leonidius20.beatinspector	Leonidius20/BeatInspector
io.github.leonidius20.recorder.lite	Leonidius20/RecordingStudio
io.github.luantak.fokuslauncher	luantak/FokusLauncher
io.github.lufte.lona	lufte/lona
io.github.lydavid.musicsearch	lydavid/MusicSearch
io.github.maocypher.dogsportsdiary	maocypher/dogsportsdiary
io.github.marietetbc.littlepainter	marietetbc/little-painter
io.github.martinschneider.juvavum	martinschneider/juvavum-android
io.github.mgdx.rouelibre	mgdx/RoueLibre
io.github.micw.openphotoframe	micw/OpenPhotoFrame
io.github.mimoguz.tripeaksneue	mimoguz/tripeaks_neue
io.github.mkckr0.audio_share_app	mkckr0/audio-share
io.github.mlm_games.musicore	mlm-games/musicore-libre
io.github.monsiu.custom_rr	monsiu/Custom-RR
io.github.mortenfyhn.feltbok	mortenfyhn/feltbok
io.github.mouse233.localsendkotlin	mouse233/localsend-kotlin
io.github.mthli.mount	mthli/Mount
io.github.muntashirakon.AppManager	MuntashirAkon/AppManager
io.github.muntashirakon.Music	MuntashirAkon/Metro
io.github.muntashirakon.autostarts	MuntashirAkon/android-autostarts
io.github.muntashirakon.bcl	MuntashirAkon/BatteryChargeLimiter
io.github.muntashirakon.captiveportalcontroller	MuntashirAkon/CaptivePortalController
io.github.muntashirakon.unapkm	MuntashirAkon/unapkm-android
io.github.munzzyy.magpie	munzzyy/magpie
io.github.mwageringel.everest	mwageringel/everest
io.github.naitlee.catprinter	NaitLee/Cat-Printer
io.github.necrashter.natural_revenge	necrashter/frogue
io.github.nfdz.cryptool	nfdz/Cryptool
io.github.nofuturekid.nova	nofuturekid/nova
io.github.nvlad1.function3danimator	NVlad1/3D-Geometry-Animation
io.github.padconnect	PadConnectApp/PadConnect
io.github.pastthepixels.freepaint	pastthepixels/FreePaint
io.github.patricksmill.quicknotes	patricksmill/QuickNotes
io.github.pedrolcl.vmpk	pedrolcl/vmpk-android
io.github.petlyh.jsdict	petlyh/JS-Dict
io.github.pic38.veilleuse	pic38/Veilleuse
io.github.picocrypt_ng.picocrypt_ng	Picocrypt-NG/Picocrypt-NG
io.github.pitonite.exch_cx	pitonite/exch_cx
io.github.poretsky.tuningfork	poretsky/TuningFork
io.github.potsdam_pnp.initiative_tracker	potsdam-pnp/initiative-tracker
io.github.printn.humanbenchmark	printn/human-benchmark
io.github.probably_oxy.drift	probably-oxy/drift-audio
io.github.project_kaat.gpsdrelay	project-kaat/gpsdRelay
io.github.quantember.lector	QuantEmber/lector
io.github.quillpad	quillpad/quillpad
io.github.rajnishkmehta.dhwanicontrol	RajnishKMehta/DhwaniControl
io.github.randomfilemaker	seoulcodingcafe/RandomFileMaker
io.github.rastislavpapp.justopenlinksinabrowser	rastislavpapp/just-open-links-in-a-browser
io.github.ratul.topactivity	codehasan/Current-Activity
io.github.rickymohk.opendefault	rickymohk/OpenDefault
io.github.rinoprogram.audiovisualizer	Rino-program/Audio-Visualizer
io.github.ronynn.karui	ronynn/karui
io.github.rotundtapir.fivehundred	rotundtapir/500
io.github.rufid	GPLaider/rufid
io.github.rumcajs.offlinewebsearch	rumca-js/OfflineWebSearch
io.github.saeeddev94.pixelnr	SaeedDev94/pixel-5g
io.github.saeeddev94.xray	SaeedDev94/Xray
io.github.sak.read.it.later	sak96/read_later
io.github.samcrow.jrbpsurvey	samcrow/JRBPSurvey
io.github.samolego.canta	samolego/Canta
io.github.saveastxt	seoulcodingcafe/SaveAsTxt
io.github.scovillo.playondlna	scovillo/playondlna
io.github.sds100.keymapper	keymapperorg/KeyMapper
io.github.sds100.keymapper.inputmethod.latin	keymapperorg/KeyMapperKeyboard
io.github.silinote	seoulcodingcafe/Silinote
io.github.smailzhu.ibeacontasker	smailzhu/ibeacon-tasker-plugin
io.github.sms2email.sms2email	SMS2Email/SMS2Email
io.github.snd_r.komelia	Snd-R/Komelia
io.github.snood21.workprofilevpnswitcher	snood21/workprofile-vpn-switcher
io.github.soundremote	SoundRemote/client-android
io.github.sspanak.tt9	sspanak/tt9
io.github.stardomains3.oxproxion	stardomains3/oxproxion
io.github.subhamtyagi.ocr	SubhamTyagi/android-ocr
io.github.subhamtyagi.openinwhatsapp	subhamtyagi/openinwa
io.github.subhamtyagi.quickcalculation	SubhamTyagi/quick-calculation
io.github.swiftstagrime.termuxrunner	SwiftStagRime/ScriptRunner_for_Termux
io.github.sykoram.sis	sykoram/sis
io.github.teamclouday.AndroidMic	teamclouday/AndroidMic
io.github.teccheck.fastlyrics	TecCheck/FastLyrics
io.github.thachillera.cardsscorekeeper	ThaChillera/CardScore
io.github.thezupzup.linthra	TheZupZup/Linthra
io.github.tiagoshibata.gpsdclient	tiagoshibata/Android-GPSd-Client
io.github.tiefseetauchner.tiefprompt	tiefseetauchner/tiefprompt
io.github.tjg1.nori	tjg1/nori
io.github.tommygeenexus.usbdonglecontrol	Tommy-Geenexus/usb-dongle-control
io.github.toolicious.labler	toolicious/labler
io.github.trevarj.motd	trevarj/motd
io.github.turtlepaw.blueskyredirect	Turtlepaw/BlueskyRedirect
io.github.ulysseszh.displaytoggle	UlyssesZh/DisplayToggle
io.github.ulysseszh.sunproxy	UlyssesZh/SunProxy
io.github.v2compose	cooaer/v2compose
io.github.vendelin8.elements	vendelin8/elements-flutter
io.github.vipaol.mobapp.game	vipaoL/mobapp-game
io.github.wandomium.smsloc	wandomium/SmsLoc
io.github.wandomium.viewcarousel	wandomium/ViewCarousel
io.github.wh201906.serialpipe	wh201906/SerialPipe
io.github.wifi_password_manager	Khh-vu/wifi-password-manager
io.github.wiiznokes.gitnote	wiiznokes/gitnote
io.github.x0b.rcx	x0b/rcx
io.github.yamin8000.dooz	yamin8000/Dooz
io.github.yamin8000.owl	yamin8000/freeDictionaryApp
io.github.yawnoc.strokeinput	stroke-input/stroke-input-android
io.github.yoshi1123.adbio	yoshi1123/adbio
io.github.z3r0c00l_2k.aquadroid	z3r0c00l-2k/AquaDroid
io.github.zyrouge.symphony	zyrouge/symphony
io.gitlab.selosh.gametrader	saladinalep/gametrader
io.gresse.hugo.anecdote	HugoGresse/Anecdote
io.heckel.ntfy	binwiederhier/ntfy-android
io.homeassistant.companion.android.minimal	home-assistant/android
io.horizontalsystems.bankwallet	horizontalsystems/unstoppable-wallet-android
io.itch.pirate_solitaire	Pheonyxior/Pirate-Solitaire-Git-Repo
io.keepalive.android	keepalivedev/KeepAlive
io.keepalive.lite.android	keepalivedev/KeepAlive
io.krmanik.ankiimageocclusion	krmanik/Anki-Occlusion
io.kuenzler.whatsappwebtogo	92lleo/WhatsappWebToGo
io.mainframe.hacs	ktt-ol/hacs
io.mesalabs.knoxpatch	salvogiangri/KnoxPatch
io.mkg20001.arubanetworkslogin	mkg20001/aruba-networks-login
io.mrarm.irc	MCMrARM/revolution-irc
io.muetsch.anchrandroid	muety/anchr-android
io.nandandesai.privacybreacher	nandan-desai-extras/PrivacyBreacher
io.naox.inbe	waozixyz/inbe-legacy
io.nekohasekai.sfa	SagerNet/sing-box
io.nightdavisao.multilocale	Nightdavisao/MultiLocale
io.olvid.messenger.nogoogle	olvid-io/olvid-android
io.oopquizz.oopquiz	AliAkrem/oopquiz
io.openappex.pdfunlocker	OpenAppex/pdfunlocker
io.oversec.one	oversecio/oversec
io.pcontacts.app	andreabenetton/pcontacts
io.perfice.app	p0lloc/perfice
io.phonk.extended	victordiaz/PHONK
io.privkey.keep	privkeyio/keep-android
io.pslab	fossasia/pslab-app
io.rebble.charon	pebble-dev/rebble-sideloader
io.rosenpin.screenshotsharer	rosenpin/Screenshot-Sharer
io.sensify.sensor.foss	JunkieLabs/sensify-android
io.simplelogin.android.fdroid	simple-login/Simple-Login-Android
io.spaceapi.community.myhackerspace	spaceapi-community/my-hackerspace
io.ssttkkl.mahjongutils.app	ssttkkl/mahjong-utils-app
io.suvam.dhaaga.lite	suvam0451/dhaaga
io.theficos.quire	vitofico/quire
io.treehouses.remote	treehouses/remote
ir.ammari.nodelook	nodelook/android
ir.erfansn.siliconecalculator	erfansn/SiliconeCalculator
ir.hsn6.tpb	HassanHeydariNasab/2-player-battle
ir.mrahimy.conceal	mrahimygk/conceal
ir.remote.edifier.rc10d1	norbicki/Edifier-RC10D1
ir.remote.edifier.rc10e	norbicki/Edifier-RC10E
ir.remote.edifier.rc18a	norbicki/Edifier-RC18A
ir.shahriaarrr.tomodoro	shahriaarrr/Tomodoro
is.binary.alcoholnow	binary-is/alcoholnow
is.xyz.mpv	mpv-android/mpv-android
is.xyz.vcmi	vcmi/vcmi
is.zi.huewidgets	ZiiS/huewidgets
it.belloworld.mercurygram	Mercurygram/Mercurygram
it.belloworld.mercurygram.plugin.tor	Mercurygram/Mercurygram
it.collideorscopeapps.codename_hippopotamos	collideorscopeapps/codename_hippopotamos
it.danieleverducci.nextcloudmaps	penguin86/nextcloud-maps-client
it.danieleverducci.ojo	penguin86/ojo
it.davquar.halfdot	davquar/halfdot
it.diab	bvlj/diab
it.eldavo.ylih	ElDavoo/ylih
it.fast4x.riplay	fast4x/RiPlay
it.feio.android.omninotes.foss	federicoiosue/Omni-Notes
it.kapfer.digitalesamt.liberator	Crazyphil/digitales-amt-liberator
it.niedermann.nextcloud.deck	stefan-niedermann/nextcloud-deck
it.niedermann.nextcloud.tables	stefan-niedermann/nextcloud-tables
it.niedermann.owncloud.notes	nextcloud/notes-android
it.piemonte.arpa.openoise	Arpapiemonte/openoise-meter
it.rfmariano.denaro	Biri0/denaro
it.rignanese.leo.slimfacebook	rignaneseleo/SlimSocial-for-Facebook
it.unige.hidedroid	0xdad0/HideDroid
it.zitzusoft.lyrics_2	f-leoni/lyrics2
italian.said.fran.theitaliansaid	francescosoave/TIS_android
itkach.aard2	itkach/aard2-android
jhass.eu.insporation	jhass/insporation
jorgeff99.keymyinfo	jff99/KeyCip
jp.ddo.hotmist.unicodepad	Ryosuke839/UnicodePad
jp.juggler.subwaytooter.noFcm	tateisu/SubwayTooter
jp.kcm.thumbctrl.en.layout	shiftrot/caps2ctrl
jp.muo.syncmemories	muojp/sync-memories
jp.nonbili.jamu	nonbili/Jamu
jp.nonbili.meron	nonbili/meron
jp.nonbili.nora	nonbili/Nora
jp.nonbili.nori	nonbili/Nori
jp.nonbili.noutube	nonbili/NouTube
jp.redmine.redmineclient	indication/OpenRedmine
jp.takke.cpustats	takke/cpustats
jp.takke.datastats	takke/DataStats
jsettlers.main.android	paulwedeck/settlers-remake
juloo.keyboard2	Julow/Unexpected-Keyboard
jwtc.android.chess	jcarolus/android-chess
k4ustu3h.monocons.izzy	k4ustu3h/monocons-android
kaba.yucata.envoy	ka-ba/yucata.envoy
keepass2android.plugin.keyboardswap2	PhilippC/kp2a_keyboardswap
kenneth.app.starlightlauncher	kennethnym/StarlightLauncher
kittoku.osc	kittoku/Open-SSTP-Client
kiwi.root.an2linuxclient	rootkiwi/an2linuxclient
koeln.mop.elpeefpe	m0ppers/ElpeEfpeAndroid
krillefear.funwithkanji	krille-chan/fun-with-kanji
kshib.raven	ksh-b/raven
kzs.th000.tsdm_client	realth000/tsdm_client
lab.rreedd.oriens	tknv/Oriens
lab.rreedd.oyatsu	tknv/Oyatsu
landau.sweb	alandau/sweb
lcukerd.com.stufflist	lcukerd/StuffList
lightjockey.mqttdroid	LightJockey/MqttDroid
link.standen.michael.fatesheets	ScreamingHawk/fate-sheets
link.standen.michael.phonesaver	ScreamingHawk/phone-saver
link.standen.michael.slideshow	ScreamingHawk/android-slideshow
liou.rayyuan.ebooksearchtaiwan	YuanLiou/TaiwanEbookSearch
live.mehiz.mpvkt	abdallahmehiz/mpvKt
live.pageless.mobile	dcaixinha/pageless-mobile
livio.rssreader	javalc6/rssreader
lk.dulanjaya.medinote	dulanjayabhanu/MediNote
lk.thisald.ipwizard	thisal-d/ip-wizard
lol.janjic.splitcat	vogonwann/splitcat
ls.bloomee.musicplayer	HemantKArya/BloomeeTunes
lsafer.edgeseek	LSafer/edgeseek
lsposed.orange	Erbzur/Orange
lt.ffda.sourcherry	FFDA/SourCherry
lu.fisch.canze	fesch/CanZE
lu.knaff.alain.saf_sftp	AlainKnaff/Android-SFTP-Documents-Provider
lu.knaff.alain.share_to_folder	AlainKnaff/share-to-folder
luci.sixsixsix.powerampache2.fdroid	icefields/Power-Ampache-2
lv.RIN4X.goldenratio	FooqX/GoldenRatio
ly.com.tahaben.farhan	tahaak67/Farhan
lying.fengfeng.foodrecords	NielsLee/FoodRecords
lying.fengfeng.snapsaver	NielsLee/SnapSaver
m.co.rh.id.a_flash_deck	rh-id/a-flash-deck
m.co.rh.id.a_medic_log	rh-id/a-medic-log
m.co.rh.id.a_news_provider	rh-id/a-news-provider
m.co.rh.id.a_personal_stuff	rh-id/a-personal-stuff
marto.rtl_tcp_andro	martinmarinov/rtl_tcp_andro-
mattecarra.accapp	MatteCarra/AccA
me.ahmetcetinkaya.whph	ahmet-cetinkaya/whph
me.arianb.usb_hid_client	Arian04/android-hid-client
me.ash.reader	Ashinch/ReadYou
me.billdietrich.fake_contacts	BillDietrich/fake_contacts
me.biplobsd.rsm	biplobsd/running_services_monitor
me.blog.korn123.easydiary	hanjoongcho/aaf-easydiary
me.bmax.apatch	bmax121/APatch
me.d3sox.betternetworktiles.libre	D3SOX/Better-Network-Tiles-Libre
me.davidteresi.elsewhere	dkter/elsewhere
me.diamondforge.tokn	tokn-authenticator/tokn
me.echeung.moemoekyun.fdroid	LISTEN-moe/android-app
me.gloeckl.fallasleep	moritzgloeckl/FallASleep
me.hackerchick.catima	CatimaLoyalty/Android
me.hackerchick.raisetoanswer	TheLastProject/RaiseToAnswer
me.hackerchick.sharetoinputstick	TheLastProject/ShareToInputStick
me.haroldmartin.golwallpaper	hbmartin/onyx-boox-screensaver-gol
me.hexian000.masstransfer	hexian000/MassTransfer
me.iacn.mbestyle	iAcn/MBEStyle
me.impa.knockonports	impalex/knockonports
me.kafuuneko.rpclient	KafuuNeko/RPClient
me.kerooker.rpgcharactergenerator	LeoColman/rpg-npc-generator
me.knighthat.kreate	knighthat/Kreate
me.lucky.clipeus	x13a/Clipeus
me.lucky.duress	x13a/Duress
me.lucky.sentry	x13a/Sentry
me.lucky.silence	x13a/Silence
me.lucky.vibe	x13a/Vibe
me.lucky.wasted	x13a/Wasted
me.mgerdes.open_golf	mgerdes/Open-Golf
me.mudkip.moememos	mudkipme/MoeMemosAndroid
me.murks.feedwatcher	zouroboros/feed-watcher
me.murks.filmchecker	zouroboros/filmchecker
me.ocv.partyup	9001/party-up
me.proton.android.lumo	ProtonLumo/android-lumo
me.proton.echophenomena.recordplayreverse	echo-lalia/recordplayreverse
me.river.nightbell	riveerxd/nightbell
me.robbyblue.mylauncher	Robby-Blue/SimpleFolderLauncher
me.rosuh.easywatermark	rosuH/EasyWatermark
me.sanao1006.mint.release	sanao1006/Mint
me.sankethbk.dairyapp	SankethBK/diaryvault
me.sujanpoudel.playdeals	psuzn/Play-Deals
me.tagavari.airmessage	airmessage/airmessage-android
me.tangobee.weathernaut	TangoBeee/Weathernaut
me.testcase.ognarviewer	akulinchev/ognarviewer
me.timeto.app	Medvedev91/timeto.me
me.timschneeberger.rootlessjamesdsp	ThePBone/RootlessJamesDSP
me.trion.whispertype	Trion129/WhisperTypeKeyboard
me.tsukanov.counter	gentlecat/counter
me.velc.devqs	louie-velarde/DevQS
me.vittorio_io.openhostseditor	SirPryderi/open-hosts-editor
me.weishu.kernelsu	tiann/KernelSU
me.wolszon.fastshopping	Albert221/FastShopping
me.yardenac.comaphone	yardenac/comaphone
me.zhanghai.android.files	zhanghai/MaterialFiles
me.zhanghai.android.textselectionwebsearch	zhanghai/TextSelectionWebSearch
me.zhanghai.android.untracker	zhanghai/Untracker
mf.asciitext.lite	MobileFirstLLC/irregular-expressions
miccah.mpvremote	mcastorina/mpv-remote-app
micro.repl.ma7moud3ly	Ma7moud3ly/micro-repl
miru.miaomint	miru-project/miru-app
mkg20001.net.samremote	mkg20001/SamRemote
ml.vivekthazhathattil.chalachithram	VivekThazhathattil/Chalachithram
mn.tck.semitone	tckmn/semitone
mobi.boilr.boilr	drpout/boilr
mobi.meddle.wehe	NEU-SNS/wehe-android
mobi.omegacentauri.SendReduced	arpruss/sendreduced
moe.ampersand.app	NyaomiDEV/Ampersand
moe.chensi.volume	yume-chan/VolumeManager
moe.craftplacer.kaiteki	Kaiteki-Fedi/Kaiteki
moe.dic1911.autodnd	dic1911/android_AutoDND
moe.dic1911.urlsanitizer	dic1911/android_URLSanitizer
moe.haruue.wadb	RikkaApps/WADB
moe.henry_zhr.firefox_no_home_button	Henry-ZHR/firefox_no_home_button
moe.henry_zhr.force_dark	Henry-ZHR/force_dark
moe.henry_zhr.kill_domain_verification	Henry-ZHR/KillDomainVerification
moe.koiverse.archivetune	rukamori/ArchiveTune
moe.lz233.unvcode	lz233/unvcode_android
moe.martini.midictrl	MartiniMoe/MIDICtrl
moe.nb4a	MatsuriDayo/NekoBoxForAndroid
moe.reimu.catshare	kmod-midori/CatShare
moe.shizuku.privileged.api	RikkaApps/Shizuku
moe.zzy040330.taffyqsl	sophiel-meow/TaffyQSL
montafra.beam	montafra/beam
mrrfv.backup.companion	mrrfv/open-android-backup
mx.sixseven.crtlineas	six-seven-or-8/crt_android
my.noveldokusha	nanihadesuka/NovelDokusha
nabu.iris.keyboard	MohamadOday/Iris
name.boyle.chris.sgtpuzzles	chrisboyle/sgtpuzzles
name.gdr.acastus_photon	gjedeer/Acastus
name.lmj001.savetodevice	lmj0011/save-on-device
name.monwf.customiuizer	MonwF/customiuizer
name.seguri.android.getforegroundactivity	seguri/GetForegroundActivity
name.seguri.android.isphoneencrypted	seguri/IsPhoneEncrypted
name.seguri.android.lock	seguri/lock
namlit.siteswapgenerator	namlit/siteswap_generator
negativedensity.techahashi	andswitch/techahashi
nemutui.com.github.nemu_droid	nemuTUI/nemu-droid
nep.timeline.cirno	Freezer-Team/Cirno
net.activitywatch.android	ActivityWatch/aw-android
net.adhikary.mrtbuddy	aniruddha-adhikary/mrt-buddy
net.alexbarry.alexgames	alexbarry/AlexGames
net.alexbarry.calc_android	alexbarry/AlexCalc
net.aliasvault.app	lanedirt/AliasVault
net.backslasher.dndtoggle	BackSlasher/dnd-toggle
net.basov.lws.fdroid	mvbasov/lWS
net.basov.lws.qr.fdroid	mvbasov/lWS.QR
net.basov.omn.fdroid	mvbasov/OMN
net.basov.omngo.fdroid	mvbasov/OMN-Go
net.bible.android.activity	AndBible/and-bible
net.bitplane.android.microphone	bitplane/Microphone
net.blumia.pineapple.lockscreen.oss	BLumia/pineapple-lock-screen
net.cacheux.nvp.app	lcacheux/nov-open-reader
net.canvoki.carburoid	vokimon/carburoid
net.canvoki.godot_dice_roller	vokimon/godot-dice-roller
net.canvoki.vokibot	vokimon/vokibot
net.carcoop.app	haukepauke/car-coop-app
net.casimirlab.frigoligo	casimir/frigoligo
net.christianbeier.droidvnc_ng	bk138/droidVNC-NG
net.clench.wallet	clenchwallet/clench-wallet
net.cozic.joplin	laurent22/joplin
net.curiana.recipes	kandrelczyk/twili-recipes
net.currit.tonality	sluedecke/tonality
net.cyclestreets	cyclestreets/android
net.daverix.urlforward	daverix/urlforwarder
net.dcnnt	cyanomiko/dcnnt-android
net.dege.salmon	degD/salmon
net.diffengine.romandigitalclock	dfyockey/RomanDigital
net.drawpile	drawpile/Drawpile
net.ebt.muzei.miyazaki	eboudrant/net.ebt.muzei.miyazaki
net.fabiszewski.ulogger	bfabiszewski/ulogger-android
net.forestany.mediacollection	ReneArentz/net.forestany.mediacollection
net.gaast.giggity	Wilm0r/giggity
net.gitsaibot.af	Gitsaibot/AF-Weather-Widget
net.gmartin.paperlessngx_uploader	gmag11/Paperless_ngx_uploader
net.gmartin.pocket2fa	gmag11/Pocket2FA
net.gsantner.dandelior	gsantner/dandelion
net.gsantner.markor	gsantner/markor
net.helcel.beans	helcel-net/beans
net.helcel.cowspent	helcel-net/cowspent
net.helcel.fidelity	helcel-net/keepass-fidelity
net.hyx.app.volumenotification	seht/volumenotification
net.ibbaa.keepitup	ibbaa/keepitup
net.inbox.pager	itprojects/InboxPager
net.iptux.xposed.callrecording	iptux/XCallRecording-xposed
net.iptux.xposed.usbdebugging	iptux/UsbDebugging-xposed
net.ivpn.client	ivpn/android-app
net.justdave.nwsweatheralertswidget	justdave/nwsweatheralertswidget
net.kaaass.zerotierfix	kaaass/ZerotierFix
net.kaltner.LoanPro	mkaltner/LoanPro
net.kevinboone.androidmediaserver	kevinboone/androidmusicserver
net.kollnig.greasemilkyway	kasnder/redd-focus-android
net.kollnig.missioncontrol	TrackerControl/tracker-control-android
net.kollnig.missioncontrol.fdroid	TrackerControl/tracker-control-android
net.koofr.vault	koofr/vault
net.kourlas.voipms_sms	michaelkourlas/voipms-sms-client
net.leodesouza.blitz	ldeso/blitz
net.liujiacai.flauth	jiacai2050/flauth
net.marcellozaniboni.sonqui	marcellozaniboni/sonqui
net.minetest.minetest	luanti-org/luanti
net.mm2d.dmsexplorer	ohmae/dms-explorer
net.mullvad.mullvadvpn	mullvad/mullvadvpn-app
net.multun.gamecounter.fdroid	multun/gamecounter
net.nhiroki.bluelineconsole	nhirokinet/bluelineconsole
net.nhiroki.bluelinesolarinfo	nhirokinet/bluelinesolarinfo
net.nhiroki.bluesquarespeedometer	nhirokinet/bluesquarespeedometer
net.nitratine.priceperunit	brentvollebregt/price-per-unit
net.nitroshare.android	nitroshare/nitroshare-android
net.nullsum.freedoom	emileb/Freedoom-for-Android
net.nurik.roman.muzei	romannurik/muzei
net.nymtech.nymvpn	nymtech/nym-vpn-client
net.opendasharchive.openarchive.release	OpenArchive/Save-app-android
net.opendsp.x4x4	GlassOnTin/opendsp-4x4
net.osmand.plus	osmandapp/Osmand
net.osmtracker	labexp/osmtracker-android
net.pejici.easydice	pejic/EasyDice
net.pfiers.osmfocus	ubipo/osmfocus
net.pgaskin.batterytile	pgaskin/batterytile
net.pgaskin.cmus.android	pgaskin/cmus-android
net.pgaskin.windy	pgaskin/windy
net.phbwt.paperwork	bwt/OpenPaperView
net.pmarks.chromadoze	pmarks-net/chromadoze
net.pp3345.ykdroid	pp3345/ykDroid
net.programmierecke.radiodroid2	segler-alex/RadioDroid
net.quietrebellion	MadEyez/quietrebellion
net.redsolver.noteless	redsolver/noteless
net.redwarp.gifwallpaper	redwarp/gif-wallpaper
net.reichholf.dreamdroid	sreichholf/dreamDroid
net.rpdev.opentodolist	mhoeher/opentodolist
net.satka.bleManager	petrsatka/BLEManager
net.schueller.instarepost	sschueller/easyrepost
net.seqular.network	tipone/seqular-android
net.sf.times	pnemonic78/HalachicTimes
net.shaytech.groceries	davideshay/groceries
net.slions.fulguris.full.fdroid	Slion/Fulguris
net.snapdrop	tanujnotes/Snapdrop
net.stargw.applist	StarGW-net/app-list
net.stargw.contacts	StarGW-net/contacts
net.stargw.contactsimport	StarGW-net/contacts-import
net.stargw.fat	StarGW-net/stargw-fat
net.stargw.fok	stargw-net/karma-firewall
net.stargw.fx	StarGW-net/stargw-fx
net.sunjiao.renamer	sun-jiao/flut-renamer
net.sylvek.itracing2	sylvek/itracing2
net.thunderbird.android	thunderbird/thunderbird-android
net.thunderbird.android.beta	thunderbird/thunderbird-android
net.tigr.navyfleetbattle	tigrino/navy-fleet-battle
net.tigr.soulcalc	tigrino/soulcalc
net.timelegend.chaka.viewer.app	elementdavv/chaka
net.tjado.passwdsafe	tejado/Authorizer
net.tjado.usbgadget	tejado/android-usb-gadget
net.tlfoxhuman.droidstress	TranslucentFoxHuman/DroidStress
net.tlfoxhuman.fakeblankscreen	TranslucentFoxHuman/FakeBlankScreen
net.toload.main.hd	plateaukao/sweetlime
net.turtton.ytalarm	turtton/YtAlarm
net.typeblog.socks	bndeff/socksdroid
net.usikkert.kouchat.android	blurpy/kouchat-android
net.vantulder.tessel	gvtulder/tessel
net.viggers.zade.wallpaper	zadeviggers/wallpaper
net.vonforst.evmap	ev-map/EVMap
net.warsmash.phone	sandstranger/WarsmashModEngine
net.wigle.wigleandroid	wiglenet/wigle-wifi-wardriving
net.xcreen.restsms	Xcreen/RestSMS
net.xtlive.EDL.Dashboard	techie66/EngineDataLogger---Dashboard
net.xvello.salasana	xvello/salasana-android
net.xzos.upgradeall	DUpdateSystem/UpgradeAll
net.yolosec.routerkeygen2	yolosec/routerkeygenAndroid
net.youapps.calcyou	you-apps/CalcYou
net.youapps.transport	you-apps/TransportYou
net.yukh.currency	yukh975/netadm-currency-app
net.yukh.xui	yukh975/3X-UI-Manager
net.yumicoradio.android	Pixwell85/YumiCoRadio-Android
neth.iecal.curbox	nethical6/curbox
nethical.locklock	nethical6/LockLock
network.loki.messenger.fdroid	session-foundation/session-android
network.mysterium.vpn	mysteriumnetwork/mysterium-vpn-mobile
news.androidtv.launchonboot	ITVlab/Launch-On-Boot
nimble.dotterel	nimble0/dotterel
nl.asymmetrics.droidshows	ltGuillaume/DroidShows
nl.devluuk.sleepywifi	DevLuuk/SleepyWifi
nl.eventinfra.wifisetup	EventInfra/wifisetup
nl.moeilijkedingen.jellyfinaudioplayer	leinelissen/jellyfin-audio-player
nl.patrickkostjens.kandroid	patrickkostjens/Kandroid
nl.privacydragon.bookwyrm	PrivacyDragon/Bookwyrm_Android
nl.tsmeets.todotree	TomSmeets/TodoTree
nl.viter.glider	Mosc/Glider
no.berge.notificationnotes	DanielBerge/notification-notes
nodo.crogers.exercisereminders	ChristopherRogers1991/ExerciseReminders
nodomain.aditya1875more.stashly	Dev-Aditya-More/Stashly
nodomain.synapp.neurocalm	synapp009/NeuroCalm
nodomain.xabd.privacyscanner	xabd/PrivacyScanner
np.com.binabh.basedcooking	Binabh/based-cooking-app
nya.kitsunyan.foxydroid	kitsunyan/foxy-droid
nz.eloque.foss_wallet	SeineEloquenz/fosswallet
nz.eloque.quits	SeineEloquenz/quits
off.kys.backtalk	kys0ff/Backtalk
off.kys.openarcade	kys0ff/OpenArcade
ogz.tripeaks	mimoguz/tripeaks-gdx
om.sstvencoder	olgamiller/SSTVEncoder2
omegacentauri.mobi.simplestopwatch	arpruss/simplestopwatch
one.jwr.interstellar	interstellar-app/interstellar
one.oktw.muzeipixivsource	james58899/MuzeiPixivSource
one.scarecrow.games.OPMT	20Nick/OPMT
one.wafler.transportia	Wafler1/transportia
onedroid.worktracker	parmstrong842/WorkTracker
ooo.akito.webmon	theAkito/webmon
openfoodfacts.github.scrachx.openbeauty	openfoodfacts/openfoodfacts-androidapp
openfoodfacts.github.scrachx.openfood	openfoodfacts/smooth-app
org.adaptit.adaptitmobile	adapt-it/adapt-it-mobile
org.adaway	AdAway/AdAway
org.adrianvictor.geleia	adrianvic/jamfish
org.afhdownloader	daktak/afh_downloader
org.akanework.gramophone	FoedusProgramme/Gramophone
org.akvo.rsr.up	akvo/akvo-rsr-up
org.alberto97.aodtoggle	Alberto97/AlwaysOnDisplayToggle
org.alberto97.ouilookup	Alberto97/OUILookup
org.andresoviedo.dddmodel2	the3deers/android-3D-model-viewer
org.androidlabs.applistbackup	AndroidLabs-org/AppListBackup
org.andstatus.app	andstatus/andstatus
org.andstatus.game2048	andstatus/game2048
org.andstatus.todoagenda	andstatus/todoagenda
org.anonomi.android	anonomi-org/anonomi-android
org.anothermonitor	AntonioRedondo/AnotherMonitor
org.app.geotagvideocamera	mlm-games/geotag-video-camera
org.application.shikiapp	pewaru-333/ShikiApp
org.archivekeep.ArchiveKeep	archivekeep/archivekeep
org.asafonov.accelerace	asafonov/accelerace.apk
org.asafonov.blockbuster	asafonov/blockbuster.apk
org.asafonov.monly	asafonov/monly.apk
org.asafonov.spass	asafonov/spass.apk
org.asafonov.weather	asafonov/weather.apk
org.asdtm.fas	qqq3/inventum
org.astermail.android	Aster-Privacy/Aster-Android
org.asteroidos.sync	AsteroidOS/AsteroidOSSync
org.astonbitecode.rustkeylock	rust-keylock/rust-keylock-android
org.atalk.android	cmeng-git/atalk-android
org.atalk.xryptomail	cmeng-git/xmail
org.avmedia.gshockGoogleSync	izivkov/CasioGShockPhoneSync
org.avmedia.remotevideocam	izivkov/RemoteVideoCam
org.b3log.siyuan	siyuan-note/siyuan-android
org.baitmooth.snow	baitmooth/snow
org.bandev.buddhaquotes	BanDev/Buddha-Quotes
org.berlin_vegan.bvapp	micuintus/harbour-Berlin-Vegan
org.bibledit.android	bibledit/android
org.bienvenidoainternet.app	Renard1911/BaiApp
org.billthefarmer.accordion	billthefarmer/accordion
org.billthefarmer.buses	billthefarmer/buses
org.billthefarmer.crossword	billthefarmer/crossword
org.billthefarmer.currency	billthefarmer/currency
org.billthefarmer.diary	billthefarmer/diary
org.billthefarmer.editor	billthefarmer/editor
org.billthefarmer.gridle	billthefarmer/gridle
org.billthefarmer.gurgle	billthefarmer/gurgle
org.billthefarmer.melodeon	billthefarmer/melodeon
org.billthefarmer.notes	billthefarmer/notes
org.billthefarmer.print	billthefarmer/print
org.billthefarmer.scope	billthefarmer/scope
org.billthefarmer.shorty	billthefarmer/shorty
org.billthefarmer.siggen	billthefarmer/sig-gen
org.billthefarmer.solver	billthefarmer/wordlesolver
org.billthefarmer.specie	billthefarmer/specie
org.billthefarmer.tuner	billthefarmer/tuner
org.birthdayadapter	SufficientlySecure/birthday-calendar
org.bitanon.studfinder	toadlyBroodle/StudFinderAndroid
org.bitbatzen.wlanscanner	bewue/WLANScanner
org.bitsrc.schussel	fmayer/schussel
org.blackcandy.androidApp	blackcandy-org/app
org.blitzortung.android.app	wuan/bo-android
org.bobstuff.bobball	bobthekingofegypt/BobBall
org.bombusmod	BombusMod/BombusMod
org.booncode.bluepass4	boon-code/bluepass
org.breezyweather	breezy-weather/breezy-weather
org.brightdv.boxbox	BrightDV/BoxBox
org.broeuschmeul.android.gps.usb.provider	freshollie/UsbGps4Droid
org.broguece.game	tyrannotorus/c-brogue-ce-android
org.btcmap	teambtcmap/btcmap-android
org.c_base.c_beam	c-base/c-beam-droid
org.ca.squawker	j-fbriere/squawker
org.cagnulein.qzcompanionnordictracktreadmill	cagnulein/QZCompanionNordictrackTreadmill
org.catrobat.paintroid	Catrobat/Paintroid
org.cheeserobot.btcwidget	AbelLykens/org.cheeserobot.btcwidget
org.chickenhook.binderfuzzy	ChickenHook/BinderFuzzy
org.chickenhook.startflagexploit	ChickenHook/StartFlagExploit
org.cimbar.camerafilecopy	sz3/cfc
org.cipherdyne.fwknop2	jp-bennett/fwknop2
org.cis_india.wsreader	cis-india/Wikisource-Reader
org.cleverfox.bluegate	cleverfox/bluegate_android
org.client.scrcpy	zwc456baby/ScrcpyForAndroid
org.codeberg.theoden8.webspace	theoden8/webspace_app
org.commonvoice.saverio	Sav22999/common-voice-android
org.connectbot	connectbot/connectbot
org.cosmicide	Cosmic-Ide/Cosmic-IDE
org.courville.nova	nova-video-player/aos-AVP
org.crazydan.studio.app.ime.kuaizi	crazydan-studio/kuaizi-ime-android
org.cry.otp	chrismiceli/motp
org.cryptomator	cryptomator/android
org.cryptomator.lite	cryptomator/android
org.css_apps_m3.password_manager	CodeSpire-Solutions/Password-Manager-Materiel-3-Expressive
org.cuberite.android	cuberite/android
org.ddosolitary.okcagent	DDoSolitary/OkcAgent
org.debian.eugen.headingcalculator	eugmes/headingcalculator
org.decsync.cc	39aldo39/DecSyncCC
org.decsync.flym	39aldo39/Flym-DecSync
org.decsync.sparss.floss	39aldo39/spaRSS-DecSync
org.deluge.trireme	teal77/trireme
org.develz.crawl	crawl/crawl
org.dianqk.ruslin	ruslin-note/ruslin-android
org.difft.temptalk	TempTalkOrg/TempTalk-Android
org.disrupted.rumble	Marlinski/Rumble
org.disspair.disspair	threadpoolx/DissPair
org.distrinet.lanshield	DistriNet/lanshield
org.dkf.jmule	a-pavlov/jed2k
org.dmfs.tasks	dmfs/opentasks
org.docspell.docspellshare	docspell/android-client
org.dolphinemu.dolphinemu	dolphin-emu/dolphin
org.draken.usagi	UsagiApp/Usagi
org.droidupnp	trishika/DroidUPnP
org.dyndns.warenix.web2pdf	warenix/Web2PDF
org.ea.sqrl	kalaspuffar/secure-quick-reliable-login
org.easyrpg.player	EasyRPG/Player
org.ebur.debitum	marmo/debitum
org.eclipse.kuksa.companion	eclipse-kuksa/kuksa-android-companion
org.electrum.electrum	spesmilo/electrum
org.elijaxapps.androidxmrigminer	ElijaxApps-org/android-xmrig-miner
org.elnix.dragonlauncher	Elnix90/Dragon-Launcher
org.emunix.insteadlauncher	btimofeev/instead-launcher-android
org.emunix.unipatcher	btimofeev/UniPatcher
org.encointer.wallet	encointer/encointer-wallet-flutter
org.epstudios.epmobile	mannd/epmobile
org.epstudios.morbidmeter	mannd/morbidmeter-android
org.equeim.tremotesf	equeim/tremotesf-android
org.esupportail.esupnfctagdroid	EsupPortail/esup-nfc-tag-droid
org.eu.exodus_privacy.exodusprivacy	Exodus-Privacy/exodus-android-app
org.eu.mumulhl.ciyue	mumu-lhl/Ciyue
org.example.rosary	jfcolom/rosary
org.exarhteam.iitc_mobile	IITC-CE/ingress-intel-total-conversion
org.exbin.bined.editor.android	exbin/bined-android
org.fairscan.app	pynicolas/FairScan
org.fcitx.fcitx5.android	fcitx5-android/fcitx5-android
org.fcitx.fcitx5.android.plugin.anthy	fcitx5-android/fcitx5-android
org.fcitx.fcitx5.android.plugin.chewing	fcitx5-android/fcitx5-android
org.fcitx.fcitx5.android.plugin.clipboard_filter	fcitx5-android/fcitx5-android
org.fcitx.fcitx5.android.plugin.hangul	fcitx5-android/fcitx5-android
org.fcitx.fcitx5.android.plugin.jyutping	fcitx5-android/fcitx5-android
org.fcitx.fcitx5.android.plugin.rime	fcitx5-android/fcitx5-android
org.fcitx.fcitx5.android.plugin.sayura	fcitx5-android/fcitx5-android
org.fcitx.fcitx5.android.plugin.thai	fcitx5-android/fcitx5-android
org.fcitx.fcitx5.android.plugin.unikey	fcitx5-android/fcitx5-android
org.fedorahosted.freeotp	freeotp/freeotp-android
org.fitchfamily.android.dejavu	n76/DejaVu
org.flare.app	flareteam/flare-engine
org.forkgram.classic	forkgram/forkgram-classic
org.forkgram.messenger	Forkgram/TelegramAndroid
org.fossasia.badgemagic	fossasia/badgemagic-app
org.fossify.calendar	FossifyOrg/Calendar
org.fossify.camera	FossifyOrg/Camera
org.fossify.clock	FossifyOrg/Clock
org.fossify.contacts	FossifyOrg/Contacts
org.fossify.documents	FossifyOrg/Documents
org.fossify.filemanager	FossifyOrg/File-Manager
org.fossify.gallery	FossifyOrg/Gallery
org.fossify.home	FossifyOrg/Launcher
org.fossify.keyboard	FossifyOrg/Keyboard
org.fossify.math	FossifyOrg/Calculator
org.fossify.messages	FossifyOrg/Messages
org.fossify.musicplayer	FossifyOrg/Music-Player
org.fossify.notes	FossifyOrg/Notes
org.fossify.paint	FossifyOrg/Paint
org.fossify.phone	FossifyOrg/Phone
org.fossify.thankyou	FossifyOrg/Thank-You
org.fossify.voicerecorder	FossifyOrg/Voice-Recorder
org.freeminer.freeminer	freeminer/freeminer
org.fsociety.vernet	osociety/vernet
org.ftena.openshelf	Swappppy/Openshelf
org.gateshipone.odyssey	gateship-one/odyssey
org.ghostsinthelab.app.rakurakuime	hiroshiyui/RakuRakuIME
org.ghostsinthelab.apps.guilelessbopomofo	hiroshiyui/GuilelessBopomofo
org.girino.frac.android.foss	girino/android-mandelbrot-set
org.github.henryquan.animeone	HQAnime/AnimeOne
org.github.nynosy.adiresy_mobile	nynosy/adiresy-mobile
org.glpi.inventory.agent	glpi-project/android-inventory-agent
org.gnosco.share2archivetoday	gabefair/Share-2-Archive-Today
org.gnu.itsmoroto.cifrasoletras	pacoandres/cifrasoletras
org.gnu.itsmoroto.midandpad	pacoandres/midandpad
org.godotengine.editor.v3	godotengine/godot
org.godotengine.editor.v4	godotengine/godot
org.grakovne.lissen	GrakovNe/lissen-android
org.gsmlg.semaphore	gsmlg-dev/ansible-semaphore-client
org.handmadeideas.floccus	floccusaddon/floccus
org.happypeng.sumatora.android.sumatoradictionary	HappyPeng2x/SumatoraDictionary
org.havenapp.main	guardianproject/haven
org.havenapp.neruppu	thamizh-root/neruppu
org.herrlado.ask.languagepack.czech	AnySoftKeyboard/AnySoftKeyboard
org.herrlado.ask.languagepack.lithuanian	AnySoftKeyboard/AnySoftKeyboard
org.herrlado.ask.languagepack.slovak	AnySoftKeyboard/AnySoftKeyboard
org.hollowbamboo.chordreader2	AndInTheClouds/chordreader2
org.hwyl.sexytopo	richsmith/sexytopo
org.hzontal.tellaFOSS	Horizontal-org/Tella-Android
org.icasdri.mather	icasdri/Mather
org.ietf.ietfsched	ietf/ietfsched
org.irmacard.cardemu	privacybydesign/irmamobile
org.isoron.uhabits	iSoron/uhabits
org.itishka.pointim	Tishka17/Point.im-Android
org.itxtech.daedalus	iTXTech/Daedalus
org.jarsi.devicewatch	jrs8205/Device-Watch
org.jdfossapps.android.shopwithmom	jdfossapps/shop-with-mom
org.jellyfin.androidtv	jellyfin/jellyfin-androidtv
org.jellyfin.mobile	jellyfin/jellyfin-android
org.jfedor.nxtremotecontrol	jfedor2/nxt-remote-control
org.jfo.app.makesomenoise	psa-jforestier/makesomenoise
org.jimvixx.smsecure	jimvixx/ShortMessageSecure
org.jitsi.meet	jitsi/jitsi-meet
org.joinmastodon.android	mastodon/mastodon-android
org.joinmastodon.android.moshinda	LucasGGamerM/moshidon
org.jshobbysoft.cameraalign	JS-HobbySoft/CameraAlign
org.jsl.wfwt	js-labs/WalkieTalkie
org.juanro.autumandu	juanro49/autu-mandu
org.juanro.feedtv	juanro49/FeedTV
org.jumascola.filmflip	Jumas-Cola/FilmFlip
org.jwz.xscreensaver	Zygo/xscreensaver
org.jyutping.jyutping	yuetyam/jyutping-android
org.kaijinlab.tap_ducky	iodn/tap-ducky
org.kaijinlab.usbdevinfo	iodn/android-usb-device-info
org.kalinisa.diatronome	grizzlyfute/Diatronome
org.kaorun.nouto	HotarunIchijou/Nouto
org.kaqui	blastrock/kakugo
org.kde.bettercounter	albertvaka/bettercounter
org.kirkezz.rttt	kirkezz/rttt
org.kiwix.kiwixmobile.standalone	kiwix/kiwix-android
org.kknickkk.spider	nickdurante/Spider
org.kochka.android.weightlogger	kochka/WeightLogger
org.koitharu.volumeicon	Koitharu/VolumeIcon
org.kore.kolabnotes.android	konradrenner/kolabnotes-android
org.koreader.launcher.fdroid	koreader/koreader
org.kvj.habtproxy.fdroid.release	kvj/hass_Bluetooth_Proxy_Companion
org.ledjlale.Nutrixious	Ledjlale/Nutrixious
org.lettucepie.flickybee	lettucepie/flicky_bee
org.liberty.android.fantastischmemo	helloworld1/AnyMemo
org.liberty.android.freeotpplus	helloworld1/FreeOTPPlus
org.libreaac.app	libretastic/libreaac-android
org.librefit.app	LibreFitOrg/LibreFit
org.lichess.mobileV2	lichess-org/mobile
org.ligi.gobandroid_hd	ligi/gobandroid
org.ligi.gobandroidhd.ai.gnugo	ligi/gobandroid-ai-gnugo
org.ligi.ipfsdroid	ligi/IPFSDroid
org.ligi.materialteatimer	ligi/MaterialTeaTimer
org.ligi.passandroid	ligi/PassAndroid
org.ligi.survivalmanual	ligi/SurvivalManual
org.linaro.glmark2	glmark2/glmark2
org.lineageos.eleven	dwi336/Eleven
org.liri.liri	petitlapin/Li-ri
org.listenbrainz.android	metabrainz/listenbrainz-android
org.localsend.localsend_app	localsend/localsend
org.lsposed.lspatch	LSPosed/LSPatch
org.lufebe16.freecell	lufebe16/freecell4maemo
org.lufebe16.lbalance	lufebe16/lbalance
org.lufebe16.pysolfc	shlomif/PySolFC
org.lyrion.squeezelite	CDrummond/squeezelite
org.maegley.megrim	smaegley/megrim
org.magicgrants.skylight	magicgrants/skylight-wallet
org.maintainteam.hypatia	MaintainTeam/Hypatia
org.maoist2009.tlsfragment	maoist2009/TlsFragment
org.materialos.icons	materialos/android-icon-pack
org.matrix.chromext	JingMatrix/ChromeXt
org.mattvchandler.a2050	mattvchandler/2050
org.mattvchandler.progressbars	mattvchandler/progressbars
org.mazhuang.guanggoo	mzlogin/guanggoo-android
org.mbach.lemonde	MBach/LeMondeRssReader
org.mcxa.zephyrlogger	ianmcxa/ZephyrLogger
org.meowcat.edxposed.manager	ElderDrivers/EdXposedManager
org.mercycorps.translationcards	translation-cards/translation-cards
org.metabrainz.android	metabrainz/musicbrainz-android
org.michaelevans.nightmodeenabler	MichaelEvans/NightModeEnabler
org.microg.nlp	microg/android_packages_apps_UnifiedNlp
org.microg.nlp.backend.apple	microg/AppleWifiNlpBackend
org.microg.nlp.backend.nominatim	microg/NominatimGeocoderBackend
org.mindshub.insigno	MindsHub/insigno_frontend
org.mlm.mages	mlm-games/mages
org.mlm.miniter	mlm-games/miniter
org.mlm.yadaw	mlm-games/yadaw
org.mqvpn.app	mp0rta/mqvpn
org.mult.daap	chrismiceli/daap-client
org.mupen64plusae.v3.alpha	mupen64plus-ae/mupen64plus-ae
org.musicbrainz.picard.barcodescanner	phw/PicardBarcodeScanner
org.musicpd	MusicPlayerDaemon/MPD
org.myfastingapp.app	rohanwinsor/MyFastingApp
org.n0.speedy_launch	NessunoZero/speedy_launcher
org.navitproject.navit	navit-gps/navit
org.netdex.androidusbscript	Netdex/android-usb-script
org.nhcham.hamfisted	specht/hamfisted
org.nitri.opentopo	Pygmalion69/OpenTopoMapViewer
org.nktnet.middor	nktnet1/middor
org.nlckysolutions.privacystats	nlckysolutions/PrivacyStats
org.noise_planet.noisecapture	Universite-Gustave-Eiffel/NoiseCapture
org.note.app	Artawower/orgnote-client
org.nqmgaming.aneko	pass-with-high-score/ANeko
org.nsh07.pomodoro	nsh07/Tomato
org.nsh07.wikireader	nsh07/WikiReader
org.nslabs.ir_blaster	iodn/android-ir-blaster
org.ntust.app.tigerduck.fdroid	tigerduck-app/tigerduck-app-android
org.nutritionfacts.dailydozen	nutritionfactsorg/daily-dozen-android
org.ocsinventoryng.android.agent	OCSInventory-NG/AndroidAgent
org.ogre.browser	OGRECave/ogre
org.olgsoft.apipepanic	rnauber/pipepanic-android
org.olpc_france.sugarizer	llaske/Sugarizer
org.onedroid.radiowave	OneDroid/RadioWave
org.onekash.kashcal	KashCal/KashCal
org.onionshare.android.fdroid	onionshare/onionshare-android
org.opendataensemble.formulus	OpenDataEnsemble/ode
org.openhab.habdroid	openhab/openhab-android
org.openhab.habdroid.beta	openhab/openhab-android
org.openobservatory.ooniprobe	ooni/probe-multiplatform
org.openorienteering.mapper	OpenOrienteering/mapper
org.openpetfoodfacts.scanner	openfoodfacts/openfoodfacts-androidapp
org.opensurge2d.surgeengine	alemart/opensurge
org.openttd.fdroid	n-ice-community/commandergenius
org.osmdroid	osmdroid/osmdroid
org.osservatorionessuno.bugbane.beta	osservatorionessuno/bugbane
org.ostrya.presencepublisher	ostrya/PresencePublisher
org.otrsc.android	otr-community/android
org.outline.android.client	Jigsaw-Code/outline-apps
org.owntracks.android	owntracks/android
org.oxycblt.auxio	OxygenCobalt/Auxio
org.p1graph.pitchvis	heinzelotto/pitchvis
org.pacien.tincapp	pacien/tincapp
org.paladyn.mediclog	JohnLines/mediclog
org.paperwise.app	prateek54353/PaperWise
org.petero.droidfish	peterosterlund2/droidfish
org.pgnapps.pk2	danilolc/pk2
org.phramusca.jamuz	phramusca/JaMuz-Remote
org.piepmeyer.gauguin	meikpiep/gauguin
org.pinpoint	StrangeGirlMurph/Pinpoint
org.pipoypipagames.cowsrevenge	Dariasteam/Cows-Revenge
org.pipoypipagames.towerjumper	Dariasteam/TowerJumper
org.playhex.twa	playhex/playhex
org.pocketworkstation.pckeyboard	klausw/hackerskeyboard
org.polymorphicshade.tubular	polymorphicshade/Tubular
org.poul.bits.android	Depau/POuLBITS-Android
org.ppsspp.ppsspp	hrydgard/ppsspp
org.prauga.messages	PVOT-OSS/Messages
org.primftpd	wolpi/prim-ftpd
org.privacyguides.verifiedapps	privacyguides/verified-apps-android
org.privacymatters.safespace	aashishksahu/SafeSpace
org.projectsolutus.pomozen	TheGandabherunda/Pomozen
org.proninyaroslav.blink_comparison	proninyaroslav/blink-comparison
org.proninyaroslav.libretrack	proninyaroslav/libretrack
org.proninyaroslav.opencomicvine	proninyaroslav/OpenComicVine
org.purple.smoke	textbrowser/smoke
org.purple.smokestack	textbrowser/smokestack
org.purplei2p.i2pd	PurpleI2P/i2pd-android
org.pyload.android.client	pyload/pyload-android
org.quantumbadger.redreader	QuantumBadger/RedReader
org.quicksc0p3r.discordtimestamp	quicksc0p3r/discordtimestampinserter
org.quicksc0p3r.simplecounter	quicksc0p3r/simplecounter
org.ranobe.ranobe	ranobe-org/ranobe
org.rayg.streaktracker	RaynardGerraldo/Streak
org.receipt_manager	ReceiptManager/receipt-manager-app
org.revengi.app	RevEngiSquad/revengi-app
org.rocstreaming.rocdroid	roc-streaming/roc-droid
org.roto	AnicetusCer/roto
org.rubenpgrady.dpcopycat	rubenpgrady/dpcopycat
org.runnerup.free	jonasoreland/runnerup
org.sajeg.fallingblocks	Sajeg/falling-blocks
org.satdump.SatDump	satdump/satdump
org.schabi.newpipe	TeamNewPipe/NewPipe
org.schabi.newpipe.localserver	diekaiju/localtube
org.scid.android	gkalab/scidonthego
org.scotthamilton.trollslate	SCOTT-HAMILTON/Trollslate
org.scoutant.blokish	scoutant/blokish
org.scoutant.rpn	scoutant/rpn
org.screenlite.webkiosk	screenlite/android-web-kiosk
org.scrib.transcriber	23rd/Scrib
org.secuso.aktivpause	SecUSo/Aktivpause
org.secuso.privacyfriendly2048	SecUSo/privacy-friendly-2048
org.secuso.privacyfriendlyactivitytracker	SecUSo/privacy-friendly-pedometer
org.secuso.privacyfriendlybackup	SecUSo/privacy-friendly-backup
org.secuso.privacyfriendlybattleship	SecUSo/privacy-friendly-battleship
org.secuso.privacyfriendlyboardgameclock	SecUSo/privacy-friendly-boardgame-clock
org.secuso.privacyfriendlycircuittraining	SecUSo/privacy-friendly-circuit-training-exercises
org.secuso.privacyfriendlydame	SecUSo/privacy-friendly-dame
org.secuso.privacyfriendlydicer	SecUSo/privacy-friendly-dicer
org.secuso.privacyfriendlyfinancemanager	SecUSo/privacy-friendly-finance-manager
org.secuso.privacyfriendlyfoodtracker	SecUSo/privacy-friendly-food-tracker
org.secuso.privacyfriendlyintervaltimer	SecUSo/privacy-friendly-interval-timer
org.secuso.privacyfriendlyludo	SecUSo/privacy-friendly-ludo
org.secuso.privacyfriendlymemory	SecUSo/privacy-friendly-memo-game
org.secuso.privacyfriendlyminesweeper	SecUSo/privacy-friendly-minesweeper
org.secuso.privacyfriendlynotes	SecUSo/privacy-friendly-notes
org.secuso.privacyfriendlypaindiary	SecUSo/privacy-friendly-pain-diary
org.secuso.privacyfriendlypasswordgenerator	SecUSo/privacy-friendly-passwordgenerator
org.secuso.privacyfriendlypausinghealthily	SecUSo/privacy-friendly-pausing-healthily
org.secuso.privacyfriendlypin	SecUSo/privacy-friendly-pin-mnemonic
org.secuso.privacyfriendlyrecknoningskills	SecUSo/privacy-friendly-reckoning-skills
org.secuso.privacyfriendlyruler	SecUSo/privacy-friendly-ruler
org.secuso.privacyfriendlysketching	SecUSo/privacy-friendly-sketching
org.secuso.privacyfriendlysolitaire	SecUSo/privacy-friendly-solitaire
org.secuso.privacyfriendlysudoku	SecUSo/privacy-friendly-sudoku
org.secuso.privacyfriendlytapemeasure	SecUSo/privacy-friendly-tape-measure
org.secuso.privacyfriendlytodolist	SecUSo/privacy-friendly-todo-list
org.secuso.privacyfriendlyyahtzeedicer	SecUSo/privacy-friendly-dice-game
org.segin.bfinterpreter	segin/BFInterpreter
org.segin.ttleditor	segin/TTLEditor
org.sge.haltestellenanzeige	Stefan-Gernhardt/Haltestellenanzeige
org.shano.assistral	shano/assistral
org.shou.switchmyslot	likeadragonmaid/Switch-My-Slot-Android
org.simlar	simlar/simlar-android
org.sipdroid.sipua	i-p-tel/sipdroid
org.sirekanyan.outline	sirekanian/outline
org.snikket.android	snikket-im/snikket-android
org.softcatala.traductor	Softcatala/TraductorSoftcatalaAndroid
org.softeg.slartus.forpdaplus	slartus/4pdaClient-plus
org.sorz.lab.tinykeepass	sorz/TinyKeePass
org.sosalerter.app	dhilipmpms/SOS-alerter
org.staacks.alpharemote	Staacks/alpharemote
org.stendhalgame.client	arianne/stendhal
org.stingle.photos	stingle/stingle-photos-android
org.strawberryforum.argentum	huckleberrypie/Argentum
org.strawberryforum.pollywog	huckleberrypie/pollywog
org.stridetasks.stride	stride-tasks/stride
org.strongswan.android	strongswan/strongswan
org.studip.unofficial_app	tareksander/Stud.IP-App
org.stypox.dicio	Stypox/dicio-android
org.stypox.tridenta	Stypox/tridenta
org.sufficientlysecure.ical	SufficientlySecure/calendar-import-export
org.sufficientlysecure.keychain	open-keychain/open-keychain
org.sunsetware.phocid	tjysunset/phocid
org.supertuxkart.stk	supertuxkart/stk-code
org.surrel.facebooknotifications	gsurrel/FacebookNotifications
org.sw24softwares.starkeverben	Sw24Softwares/StarkeVerben
org.syrja.speedcrunch	mikkosyrja/speedcrunch-android
org.t2.synconwifi	Kadabash/SyncOnWifi
org.tagspaces.mobileapp	tagspaces/tagspaces
org.talkingpanda.osram_remote	TalkingPanda0/osram-remote
org.tamanegi.atmosphere	lllllT/AtmosphereLogger
org.tasks	tasks/tasks
org.tengel.planisphere	tengel/AndroidPlanisphere
org.tengel.timescale	tengel/GeologicalTimescale
org.tessoft.qonvert	Anypodetos/qonvert
org.tfv.deskflow	jglanz/deskflow-android
org.thayyil.ringdroid	althafvly/ringdroid
org.thayyil.spring.launcher	althafvly/fairphone-moments
org.thegandabherunda.openjot	TheGandabherunda/OpenJot
org.thosp.yourlocalweather	thuryn/your-local-weather
org.thunderdog.challegram	AmanoTeam/Telegram-X-FOSS
org.tlhInganHol.android.klingonassistant	De7vID/klingon-assistant-android
org.tomasino.stutter	jamestomasino/stutter-android
org.totschnig.myexpenses	mtotschnig/MyExpenses
org.totschnig.ocr.tesseract	mtotschnig/OCR
org.traccar.manager	traccar/traccar-manager-android
org.transdroid.full	erickok/transdroid
org.transdroid.lite	erickok/transdroid
org.transdroid.search	erickok/transdroid-search
org.ttrssreader	nilsbraden/ttrss-reader-fork
org.tuxpaint	tux4kids/Tuxpaint-Android
org.veilproject.wallet	steel97/veil_wallet
org.vi_server.androidudpbus	vi/android-udp-bus
org.vi_server.red_screen	vi/redscreen.apk
org.vinaygopinath.launchchat	vinaygopinath/launch-chat
org.voidptr.swpieview	err4nt/SwpieView
org.voidsink.anewjkuapp	marunjar/anewjkuapp
org.walkersguide.android	scheibler/WalkersGuide-Android
org.wbftw.weil.passwordgenerator	WeilJimmer/PasswordGeneratorApp
org.wbftw.weil.sos_flashlight	WeilJimmer/SOSFlashlightApp
org.wentura.getflow	AdrianMiozga/GetFlow
org.wesnoth.Wesnoth	wesnoth/wesnoth
org.wikipedia	wikimedia/apps-android-wikipedia
org.windvolt	MuzSumer/windvolt
org.wisso.newpipematerial	wizdom13/WizeStream
org.witness.sscphase1	guardianproject/ObscuraCam
org.woheller69.ImapLocate	woheller69/ImapLocate
org.woheller69.PeakOrama	woheller69/PeakOrama
org.woheller69.TimeLapseCam	woheller69/timelapsecamera
org.woheller69.arity	woheller69/Arity
org.woheller69.audio_analyzer_for_android	woheller69/audio-analyzer-for-android
org.woheller69.audiometry	woheller69/audiometry
org.woheller69.browser	woheller69/browser
org.woheller69.dumpseeker	woheller69/dumpseeker
org.woheller69.eggtimer	woheller69/eggtimer
org.woheller69.exifedit	woheller69/exifedit
org.woheller69.gpscockpit	woheller69/gpscockpit
org.woheller69.gptassist	woheller69/gptassist
org.woheller69.hugassist	woheller69/huggingassist
org.woheller69.lavatories	woheller69/lavatories
org.woheller69.level	woheller69/level
org.woheller69.omweather	woheller69/omweather
org.woheller69.planespotter	woheller69/planeSpotter
org.woheller69.seemless	woheller69/seamless
org.woheller69.solxpect	woheller69/solxpect
org.woheller69.spritpreise	woheller69/spritpreise
org.woheller69.ttsengine	woheller69/ttsengine
org.woheller69.whisper	woheller69/whisperIME
org.woheller69.whisperplus	woheller69/whisperIMEplus
org.woheller69.whobird	woheller69/whoBIRD
org.xbmc.kodi	xbmc/xbmc
org.xbmc.kore	xbmc/Kore
org.xcsoar	XCSoar/XCSoar
org.yrovas.linklater	danielyrovas/linklater
org.yuttadhammo.BodhiTimer	yuttadhammo/BodhiTimer
orinasa.njarasoa.maripanatokana	mpilasy/maripanaTokana
oss.krtirtho.spotube	KRTirtho/spotube
own.moderpach.extinguish	Moderpach/Extinguish
page.cynosure.timer	Cynosure-North/Debate_Timer
page.ooooo.geoshare	jakubvalenta/geoshare
page.tine.app	martinkoutecky/tine
paige.navic	ssalggnikool/Navic
pan.alexander.tordnscrypt	Gedsh/InviZible
pan.alexander.tordnscrypt.stable	Gedsh/InviZible
paper.loop	Eve-146T/paper-loop
paper.loop2	Eve-146T/paper-loop2
peterfajdiga.fastdraw	peterfajdiga/FastDraw
phone.vishnu.dialogmusicplayer	VishnuSanal/DialogMusicPlayer
phone.vishnu.quotes	VishnuSanal/Quotes
pl.ascendit.onetimealarm	matdlu/OneTimeAlarm
pl.blach.sunmachine	gblach/Sunmachine-app
pl.edu.pjwstk.s999844.shoppinglist	Abrynos/ShoppingList
pl.hypeapp.endoscope	hypeapps/Endoscope
pl.lambada.songsync	Lambada10/SongSync
pl.lebihan.authnkey	mimi89999/Authnkey
pl.lebihan.network	mimi89999/Network
pl.sanszo.pcis	JSandomierz/pcis
pl.suve.colorful.android	suve/LD25
player.phonograph.plus	chr56/Phonograph_Plus
priv.wh201906.serialtest	wh201906/SerialTest
privacyfriendlyshoppinglist.secuso.org.privacyfriendlyshoppinglist	SecUSo/privacy-friendly-shopping-list
pro.kwiatek.tune_tangler	Flower7C3/tune-tangler
pro.oblivioncoding.fluffy_board	Y0ngg4n/fluffy_board
pro.rudloff.lineageos_updater_shortcut	Rudloff/lineageos-updater-shortcut
pro.rudloff.search_to_browser	Rudloff/search-to-browser
projects.medicationtracker	AdamGuidarini/MediTrak
projekt.substratum	substratum/substratum
protect.rentalcalc	brarcher/rental-calc
protectedwp.safespace	confidenseuide/ProtectedWorkProfile
proton.android.authenticator.fdroid	protonpass/android-authenticator
proton.android.pass.fdroid	protonpass/android-pass
prz.rutedu.app	RUTEdu-Team/RUTEdu
pt.joaomneto.titancompanion	joaomneto/TitanCompanion
pw.faraday.faraday	FaradayApp/Faraday-android
pw.thedrhax.mosmetro	mosmetro-android/mosmetro-android
rak.pixellwp	ManApart/palette-cycle
rasel.lunar.launcher	iamrasel/lunar-launcher
rasel.neo.crushr	iamrasel/crushr
remix.myplayer	rRemix/APlayer
rikka.safetynetchecker	RikkaW/YASNAC
rkr.simplekeyboard.inputmethod	rkkr/simple-keyboard
rkr.tinykeyboard.inputmethod	rkkr/tiny-keyboard
ro.ciubex.dscautorename	ciubex/dscautorename
ro.scripca.xlog2	yo6ssw/xlog2
rocks.mucke	moritz-weber/mucke
rocks.mucke.github	moritz-weber/mucke
rocks.poopjournal.flashy	Crazy-Marvin/Flashy
rocks.poopjournal.fucksgiven	Crazy-Marvin/FucksGiven
rocks.poopjournal.metadataremover	Crazy-Marvin/MetadataRemover
rocks.poopjournal.morse	Crazy-Marvin/Morse
rocks.poopjournal.todont	Crazy-Marvin/ToDont
rocks.poopjournal.vacationdays	Crazy-Marvin/VacationDays
rocks.tbog.livewallpaperit	TBog/live-wallpaper-it
rocks.tbog.tblauncher	TBog/TBLauncher
rodrigodavy.com.github.pixelartist	RodrigoDavy/PixelArtist
rs.ruffle	ruffle-rs/ruffle-android
rsquared226.budget_my_life	rsquared226/budget_my_life
ru.aleksandr.dccppthrottle	Aleksandr-ru/dccppthrottle
ru.aleshin.timeplanner	v1tzor/TimePlanner
ru.application.homemedkit	pewaru-333/HomeMedkit-App
ru.bluecat.android.xposed.mods.appsettings	BlueCat300/XposedAppSettings
ru.evgeniy.dpitunnel	nomoresat/DPITunnel-android
ru.evgeniy.dpitunnelcli	nomoresat/DPITunnel-android
ru.henridellal.dialer	HenriDellal/emerald-dialer
ru.henridellal.patolli	HenriDellal/patolli
ru.hyst329.openfool	hyst329/OpenFool
ru.ifproject.android.afr	hexedit/amazfit-face-replacer
ru.ikkui.achie	IgorKruchinin/AchieApp
ru.iska9der.flabr	iska9der/flabr
ru.karasevm.privatednstoggle	karasevm/PrivateDNSAndroid
ru.lksh.beret	sashkent3/beret
ru.mark99.appsearcher	mark99i/AppSearcher
ru.meefik.busybox	meefik/busybox
ru.meefik.linuxdeploy	meefik/linuxdeploy
ru.meefik.tzupdater	meefik/tzupdater
ru.natsuru.websdr	natsuru-san/WebSDR
ru.nsu.bobrofon.easysshfs	bobrofon/easysshfs
ru.playsoftware.j2meloader	nikita36078/J2ME-Loader
ru.ra66it.updaterforspotify	2Ra66it/updater-for-spotify
ru.raslav.wirelessscan	atomofiron/android-wifi-seeker
ru.seva.finder	Seva-coder/Finder
ru.stersh.youamp	siper/YouAMP
ru.tech.imageresizershrinker	T8RIN/ImageResizer
ru.wohlsoft.adlmidiplayer	Wohlstand/ADLMIDI-Player-Java
ru.wohlsoft.opnmidiplayer	Wohlstand/OPNMIDI-Player-Java
ru.wohlsoft.thextech.fdroid	Wohlstand/TheXTech
ru.yanus171.feedexfork	yanus171/Handy-News-Reader
ru.yourok.torrserve	YouROK/TorrServe
ru.zxalexis.ugaday	zxalexis/guess
ryey.easer.beta	renyuneyun/Easer
sadLogic.HomeCentral	jakebullet70/HomeCentral
sadLogic.OctoTouchController	jakebullet70/OctoTouchController
sadLogic.OctoTouchController.foss	jakebullet70/OctoTouchController
saschpe.contactevents	saschpe/BirthdayCalendar
saschpe.poker	saschpe/PlanningPoker
science.itaintrocket.pomfshare	Nyubis/Pomfshare
se.arctosoft.vault	Arctosoft/Valv-Android
se.bitcraze.crazyfliecontrol2	bitcraze/crazyflie-android-client
se.constructions.andraw	peterhel/andraw
se.norenh.rkfread	norenh/RKFRead
se.pp.mc.android.Gerberoid	zeldin/Gerberoid
se.tube42.drum.android	tube42/drumon
se.tube42.kidsmem.android	tube42/candymem
se.tube42.p9.android	tube42/9p
se.voxelmanip.boxsmasher	rollerozxa/boxsmasher
se.voxelmanip.tensy	rollerozxa/tensy
sexy.lyrics	cvzi/Lyrics
sh.haven.app	GlassOnTin/Haven
sh.hnet.comfychair	legal-hkr/comfychair
sh.ikl.liteshort	132ikl/liteshort-android
sh.unlimi.x2vx	unlimish/x2vx-android
shub39.momentum	shub39/Momentum
si.jakobkreft.exifremove	jakobkreft/exif-remove
si.jakobkreft.ontime	jakobkreft/OnTime
si.palcka.tarok	mytja/Tarok
si.uni_lj.fe.lablog	jakobkreft/LabLog
si.zbe.portarius	zbejas/portarius
simbio.se.nheengare	simbiose/nheengare
simple.reboot.com	franciscofranco/Simple-Reboot-app
sitavi.seenema	Sitavi/Seenema-movie-tracker
site.leos.apps.lespas	scubajeff/lespas
site.leos.setter	scubajeff/Setter
site.remlit.snowdrop	ihateblueb/snowdrop
sk.amk.homeberry	AmkSk/homeberry
sk.henrichg.phoneprofilesplus	henrichg/PhoneProfilesPlus
sk.henrichg.phoneprofilesplusextender	henrichg/PhoneProfilesPlusExtender
sk.henrichg.pppputsettings	henrichg/PPPPutSettings
ski.wischnew.shield	Coffee-Viking/sms-shield
slowscript.warpinator	slowscript/warpinator-android
software.mdev.bookstracker	mateusz-bak/openreads
soko.ekibun.stitch	ekibun/Stitch
soko.ekibun.xposed.applocale	ekibun/XposedAppLocale
space.celestia.mobilecelestia	celestiamobile/AndroidCelestia
space.karrarnazim.ConsoleFlow	SANDRO00O/ConsoleFlow-mobile
space.linuxct.phoneaccountdetector	linuxct/PhoneAccountDetector
space.o4bit.projectasteria.foss	O4bit/Project-Asteria
space.pleura.schmackofatz	mattipunkt/schmackofatz
spam.blocker	aj3423/SpamBlocker
ss.proximityservice	ssaqua/ProximityService
stack.tower3d	Eve-146T/3DStackTower
starcom.snd	Starcommander/StreamRadio
stasis.client.android	sndnv/stasis
straw.berry	Eve-146T/STRAWBERRY
studip_uni_passau.femtopedia.de.unipassaustudip	ThexXTURBOXx/studipassau
su.comp.bk	3cky/bkemu-android
su.xash.husky	captainepoch/husky
subins2000.manglish	subins2000/manglish
swati4star.createpdf	Swati4star/Images-to-PDF
syncara.app	khaled-0/Syncara
systems.nik.anthology	nikhilmwarrier/anthology
systems.sieber.droid_scep	schorschii/Droid_SCEP
systems.sieber.fsclock	schorschii/FsClock-Android
systems.sieber.remotespotlight	schorschii/RemotePointer-Android
systems.sieber.vscreensaver	schorschii/VideoScreensaver-Android
takagi.ru.monica.fdroid	Monica-Pass/Monica-Fdroid
team.swing.pendulums	Swing-team/pendulums-web-client
tech.bogomolov.incomingsmsgateway	bogkonstantin/android_income_sms_gateway_webhook
tech.dongdongbh.mindwtr	dongdongbh/Mindwtr
tech.laihz.alga	laiiihz/alga
tech.lolli.toolbox	lollipopkit/flutter_server_box
tech.techlore.plexus	techlore/Plexus-app
tech.ula	CypherpunkArmory/UserLAnd
tech.xvanturing.freeproxy	xVanTuring/free-proxy
theakki.synctool	TheAkki/Synctool
tibarj.tranquilstopwatch	tibarj/tranquilstopwatch
timeline.lizimumu.com.t	zhaobao/AppsMonitor
timur.webrtc.check	mehrvarz/webrtc-check
tk.al54.dev.badpixels	SibDev/BadPixels
tk.giesecke.disaster_radio	beegee-tokyo/disaster-radio-android
tk.superl2.xwifi	hacker1024/android-wifi-qr-code-generator
tk.zwander.lockscreenwidgets	zacharee/LockscreenWidgets
tkj.android.homecontrol.mythmote	pot8oe/mythmote
tn.creativeteam.newyoutubelistingapp	mohamedbelhassen/YoutubeListingApp
top.donmor.droidfrpd	donmor/DroidFRPD
top.donmor.tiddloid	donmor/Tiddloid
top.donmor.tiddloidlite	donmor/TiddloidLite
top.kagg886.pmf	magic-cucumber/Pixiv-MultiPlatform
top.linesoft.open2share	linesoft2/open2share
top.stevezmt.calsync	stevezmtstudios/calsync
top.yztz.msggo	yztz/MsgGo
town.robin.toadua	toaq/toadua-android
tr.com.basarsubasi.simplefitnessapp	basarsubasi/simplefitnessapp
tr.edu.iyte.caffeine	emrsmsrli/Caffeine
trailence.org	trailence/trailence-front
tranquvis.simplesmsremote	tranquvis/SimpleSmsRemote
tribixbite.cleverkeys	tribixbite/CleverKeys
troop.com.freedcam	KillerInk/FreeDcam
truewatcher.tower	TrueWatcher/tower
tw.com.daxia.virtualsoftkeys	DaxiaK/VirtualSoftKeys
ua.acclorite.book_story	Acclorite/book-story
ua.bossly.tools.translit	bossly/uaTranslit
ua.com.radiokot.lnaddr2invoice	Radiokot/ln-addr-to-invoice
ua.com.radiokot.photoprism	Radiokot/photoprism-android-client
ua.syt0r.kanji.fdroid	syt0r/Kanji-Dojo
ua.sytor.wifipass	syt0r/WifiPass
uci.localproxy	danielrodcaball/LocalProxy
uk.ac.swansea.eduroamcat	GEANT/CAT-Android
uk.akane.omni	FoedusProgramme/Omni
uk.co.alt236.floatinginfo	alt236/Floating-Info---Android
uk.co.bitethebullet.android.token	markmcavoy/androidtoken
uk.co.busydoingnothing.anagrams	bpeel/verda-sxtelo
uk.co.busydoingnothing.pocketrl	bpeel/pocket-readlex
uk.co.busydoingnothing.prevo	bpeel/prevo
uk.co.ianfield.devstat	IanField90/DevStat
uk.co.yahoo.p1rpp.secondsclock	rparkins999/AndroidSecondsClock
uk.me.amugofjava.anytime	amugofjava/anytime_podcast_player
uk.nktnet.webviewkiosk	nktnet1/webview-kiosk
uk.openvk.android.legacy	openvk/mobile-android-legacy
uk.org.ngo.squeezer	kaaholst/android-squeezer
uk.org.platitudes.wipefiles	peterhearty/WipeFiles
uk.org.retallack.claymodeler	mretallack/ClayModeller
uk.org.retallack.onvifcamera	mretallack/cams
uk.org.retallack.slimbook	mretallack/SlimBook
uk.sensoryunderload.infinilist	fredx100/InfiniList
universe.constellation.orion.viewer	max-kammerer/orion-viewer
unlicense.launcher	sirdeepsleep/UnlicenseLauncher
unofficial.tandoor.recipes	phantomate/Untare
us.materialio.app	Materialious/Materialious
us.spotco.maps	woheller69/maps
uscartools.USTravelConverter	Omikronpercy/USTravelConverter
v4lpt.vpt.c016.TPC	v4lpt/TPC
v4lpt.vpt.f003.gdp	v4lpt/GDP
v4lpt.vpt.f005.rsd	v4lpt/RSD
v4lpt.vpt.f006.yxn	v4lpt/YXN
v4lpt.vpt.f012.ryp	v4lpt/RYP
v4lpt.vpt.f023.MYC	v4lpt/MYC
v4lpt.vpt.f036.esw	v4lpt/ETW
v4lpt.vpt.i018.vpc	v4lpt/VPC
v4lpt.vpt.pwg	v4lpt/pwg
vadimerenkov.aucards	vadimerenkov/Aucards
vadimerenkov.autasker	vadimerenkov/Autasker
varzan.extraKeyboardLayouts	calin-darie/extra-keyboard-layouts
vdrs.sappu.lafk.learn	EkaAI-Tech/learn
vegabobo.dsusideloader	VegaBobo/DSU-Sideloader
vegabobo.languageselector	VegaBobo/Language-Selector
vocabletrainer.heinecke.aron.vocabletrainer	0xpr03/VocableTrainer-Android
watch.migu	NoCrypt/migu
website.leifs.delta.foss	Delta-Icons/android
whl.trending.ai	HarlonWang/TrendingAI
ws.xsoh.etar	Etar-Group/Etar-Calendar
wseemann.media.romote	wseemann/RoMote
wtf.plexmanager	sikelio/plexmanager
wtf.technodisaster.tldr	Techno-Disaster/tldr-flutter
x1125io.initdlight	x1125/initd-light
xdsopl.robot36	xdsopl/robot36
xtr.keymapper	Xtr126/XtMapper
xyz.arjunsinh.elderlauncher	itsarjunsinh/elder_launcher
xyz.blorpblorp.app	Blorp-Labs/blorp
xyz.commanderred.opendtuapp	OpenDTU-App/opendtu-react-native
xyz.hisname.fireflyiii	emansih/FireflyMobile
xyz.iridiumion.plucklockex	0xFireball/PluckLockEx
xyz.jekyllex	jekyllex/jekyllex-android
xyz.jienan.xkcd	zjn0505/xkcd-Android
xyz.malkki.neostumbler.fdroid	mjaakko/NeoStumbler
xyz.metiq	metiq-xyz/android-app
xyz.mordorx.sicmu	mira-x/SicMu
xyz.mustafaali.devqstiles	mustafa01ali/Dev-Tiles
xyz.numerus	konverner/numerus-app
xyz.pisoj.og.nettools	pisoj/og-nettools
xyz.ptgms.tosdr	tosdr/tosdr-android
xyz.regulad.closecircuit	regulad/closecircuit
xyz.regulad.supir	regulad/SupIR
xyz.ruin.droidref	Ruin0x11/DroidRef
xyz.sommd.automute	sommd/auto-mute
xyz.tberghuis.floatingtimer	tberghuis/FloatingCountdownTimer
xyz.tcreopargh.textconverter	TCreopargh/Text-Converter-Android
xyz.u1024256.bodacious	bleonard252/bodacious
xyz.waozi.inbe	waozixyz/inbe
xyz.zedler.patrick.doodle	patzly/doodle-android
xyz.zedler.patrick.grocy	patzly/grocy-android
xyz.zedler.patrick.tack	patzly/tack-android
xyz.zood.george	zood/george
xzr.hkf	libxzr/HorizonKernelFlasher
xzr.perfmon	libxzr/PerfMon-Plus
yetzio.yetcalc	Yet-Zio/yetCalc
za.co.lukestonehm.logicaldefence	LukeStonehm/LogicalDefence
zatrit.skinbread	zatrit/skinview
zed.rainxch.githubstore	kurikomi-labs/komi-store
zip.arcanum	Esdex/Arcanum
